1,2,3,4,5,6,7,8,9,10,11,12,13,14,15,16,ID
8,10,12,8,9,10,6,2,5,9,5,7,8,7,2,8,0
4,2,5,3,3,8,6,6,4,6,7,8,7,6,2,6,1
2,0,3,1,1,7,8,4,0,7,8,8,7,9,0,8,2
2,3,3,2,2,7,9,5,4,7,6,7,5,9,2,7,3
5,9,8,7,5,7,9,2,4,10,5,6,5,9,1,7,4
3,6,5,4,2,10,8,5,1,7,9,8,7,10,0,8,5
2,1,3,2,2,6,8,5,4,8,7,7,5,9,1,6,6
5,9,5,6,6,7,6,10,1,7,8,8,8,4,0,8,7
10,12,8,6,4,4,8,4,6,3,2,12,6,11,2,7,8
6,10,5,5,3,5,9,4,5,3,3,12,6,11,2,7,9
3,4,5,3,2,7,9,2,5,10,6,6,5,9,1,7,10
7,7,9,5,7,5,7,3,5,10,9,10,9,5,4,8,11
7,8,7,6,5,2,12,2,2,10,10,8,6,11,1,7,12
6,9,9,7,5,10,8,3,6,10,2,4,5,9,1,7,13
5,6,7,4,4,5,11,3,2,9,8,7,9,13,2,5,14
7,9,7,6,5,4,10,3,3,9,8,7,7,11,2,6,15
10,11,10,8,8,2,11,2,3,10,11,9,7,10,2,6,16
5,8,5,6,3,7,7,12,2,7,9,8,8,6,0,8,17
5,8,7,6,8,7,7,7,5,7,5,8,7,9,8,6,18
2,4,4,3,3,10,6,3,4,9,4,6,6,5,2,8,19
5,7,7,5,4,11,6,3,5,9,2,6,8,6,2,9,20
3,6,5,4,2,6,8,4,1,7,8,8,8,9,0,8,21
2,3,3,1,1,8,9,3,4,10,4,6,4,9,1,7,22
7,9,7,5,3,3,9,3,2,8,11,9,10,11,0,7,23
5,9,8,7,8,5,7,3,4,9,9,9,7,5,2,7,24
3,7,5,5,4,7,11,2,2,7,8,8,6,11,1,8,25
4,7,7,5,6,7,8,3,5,7,6,7,6,8,7,4,26
6,10,7,8,4,7,7,13,2,7,9,8,9,6,0,8,27
3,3,4,1,2,5,11,3,2,9,8,7,6,11,1,6,28
4,3,4,5,2,7,7,14,2,5,6,8,6,8,0,8,29
4,8,6,6,3,9,8,4,1,7,8,8,8,9,0,8,30
4,4,4,6,2,7,7,14,2,5,6,8,6,8,0,8,31
4,7,6,5,3,7,8,3,4,10,6,7,5,8,1,7,32
5,3,5,5,3,7,7,12,1,7,9,8,8,6,0,8,33
3,4,5,3,2,6,9,2,4,10,7,7,5,8,1,8,34
6,9,8,7,5,6,9,6,5,7,7,7,8,8,3,7,35
7,12,7,6,3,8,10,5,4,4,6,9,6,10,3,6,36
7,9,10,8,11,6,6,6,5,5,5,8,11,11,9,12,37
4,11,7,8,8,10,11,2,2,5,8,7,9,12,2,8,38
5,8,9,6,10,8,6,3,2,8,4,8,14,6,3,7,39
4,8,5,6,4,7,7,7,5,7,5,6,3,7,3,8,40
5,9,7,7,5,4,9,3,4,9,10,9,6,7,1,8,41
2,3,4,2,1,5,10,3,3,10,8,8,4,8,0,8,42
4,9,4,6,2,7,7,14,2,5,6,8,6,8,0,8,43
5,11,8,8,7,10,8,5,1,6,10,7,9,13,1,5,44
6,9,6,6,4,4,10,2,3,9,9,8,7,11,2,6,45
6,5,7,4,4,3,11,2,3,10,10,8,7,11,1,7,46
4,7,5,5,3,8,7,12,1,6,9,8,8,6,0,8,47
6,10,9,7,7,4,11,2,2,8,9,9,7,12,1,8,48
4,7,7,5,8,7,7,3,2,7,5,8,8,5,2,7,49
8,11,8,8,7,6,10,4,3,8,7,6,11,12,4,4,50
2,1,2,2,1,7,8,4,0,7,8,8,6,10,0,8,51
4,5,6,4,3,7,11,2,3,7,9,8,7,11,1,8,52
8,10,11,8,5,9,7,3,6,10,4,6,7,9,2,7,53
5,7,6,5,7,8,8,6,5,7,6,8,7,9,7,6,54
4,6,5,4,2,11,8,5,1,6,9,8,8,10,0,8,55
5,10,8,8,5,5,10,3,4,9,9,8,5,9,1,7,56
4,4,6,3,3,6,6,3,4,10,9,10,8,4,3,8,57
5,4,6,3,3,4,11,3,2,9,9,7,7,11,1,6,58
4,6,5,4,2,8,7,12,1,7,9,8,8,6,0,8,59
5,6,8,4,4,9,6,3,5,9,5,7,8,6,2,8,60
3,7,6,5,4,7,11,2,2,6,9,8,7,11,1,8,61
5,9,7,6,6,7,7,6,6,7,5,8,6,7,3,7,62
9,10,8,7,6,5,10,3,3,9,8,7,10,11,4,5,63
8,10,11,9,14,7,7,5,5,6,5,8,11,9,10,9,64
3,5,5,3,2,6,9,2,4,10,7,7,5,8,1,8,65
6,9,6,4,4,5,8,2,3,8,9,7,9,10,2,5,66
4,4,4,3,2,7,9,5,4,7,6,7,5,9,2,7,67
1,1,2,2,1,7,7,11,1,5,6,8,4,8,0,8,68
6,9,7,4,3,4,8,5,5,4,2,11,8,9,2,8,69
2,6,3,4,3,7,7,11,1,6,6,8,5,9,0,8,70
3,8,4,6,2,7,7,14,2,5,6,8,6,8,0,8,71
4,9,6,7,6,8,6,6,4,7,7,8,8,5,2,7,72
5,10,7,8,6,8,8,4,1,7,9,8,8,11,0,8,73
6,10,8,8,9,7,9,6,4,7,9,7,7,7,5,10,74
5,9,7,6,4,9,7,3,5,10,4,6,5,8,1,7,75
10,13,10,8,5,5,9,2,2,7,10,7,9,12,1,6,76
7,11,10,8,15,10,8,5,3,7,7,8,13,10,4,6,77
3,7,5,5,5,7,7,3,4,8,8,8,6,9,4,5,78
6,7,8,5,6,6,7,3,4,9,8,9,8,6,3,8,79
3,7,5,5,3,7,9,6,5,7,6,7,5,9,2,6,80
3,2,4,4,3,7,8,5,5,7,7,6,5,10,2,5,81
6,7,8,6,10,7,7,5,5,7,5,8,10,8,8,8,82
1,0,1,0,1,8,6,8,0,6,8,8,5,7,0,8,83
5,5,6,3,4,4,11,3,2,9,9,8,7,11,1,7,84
6,7,9,6,9,5,9,5,3,6,4,8,13,6,5,8,85
6,10,7,6,3,12,0,4,1,11,4,12,4,4,3,11,86
10,10,10,8,6,2,10,2,3,10,11,9,8,10,1,7,87
5,11,7,8,9,8,7,6,5,6,7,8,8,6,2,8,88
5,9,7,6,5,11,11,3,2,5,9,7,9,12,2,7,89
4,7,6,5,6,7,8,4,4,7,6,7,5,9,5,4,90
6,8,9,7,10,6,8,5,3,6,5,8,13,9,5,8,91
5,11,5,8,5,3,8,7,3,6,4,11,3,8,2,11,92
3,4,4,3,3,6,10,4,2,8,7,7,6,11,1,6,93
3,7,4,5,2,7,7,14,2,5,6,8,5,8,0,8,94
3,8,5,6,4,7,8,6,5,7,6,7,5,9,1,6,95
4,9,7,6,9,8,6,3,1,7,4,8,10,7,2,6,96
11,13,9,7,4,5,9,5,6,3,3,12,6,12,2,7,97
5,10,7,7,6,4,9,5,1,7,9,8,8,10,0,8,98
5,5,7,4,4,7,11,3,2,6,9,8,8,11,0,8,99
3,4,6,3,3,7,6,3,4,9,8,9,7,5,2,9,100
5,10,7,8,8,6,6,6,5,7,7,11,11,5,2,9,101
4,4,6,3,4,5,7,3,4,10,10,10,7,7,2,8,102
3,4,3,3,2,7,8,5,4,7,6,6,5,9,2,6,103
7,11,10,9,15,8,8,6,2,7,7,8,14,10,5,8,104
5,9,7,6,4,7,8,6,6,7,7,6,6,10,2,5,105
4,7,6,5,4,4,9,3,3,9,9,9,6,7,1,7,106
7,10,9,8,11,8,6,6,5,7,5,8,6,9,8,8,107
4,9,6,7,3,8,8,5,2,6,8,8,8,10,0,8,108
4,7,6,5,3,4,9,4,4,10,10,9,5,8,1,7,109
7,11,9,8,9,9,7,2,4,9,6,7,8,6,2,8,110
5,10,5,8,3,7,7,15,2,4,6,8,6,8,0,8,111
6,8,9,6,4,8,8,2,6,10,5,6,6,9,1,7,112
7,10,10,8,6,5,7,3,5,10,10,10,8,5,3,7,113
4,6,4,4,2,7,7,14,2,5,6,8,6,8,0,8,114
4,6,5,4,3,7,8,6,6,7,7,6,6,9,2,6,115
5,8,8,6,5,3,7,4,5,11,12,11,6,9,3,7,116
1,0,1,0,0,7,7,9,0,6,6,8,3,8,0,8,117
10,11,10,6,5,7,11,5,5,4,4,10,9,10,2,7,118
5,9,5,4,3,6,9,1,3,8,9,7,7,12,1,6,119
7,11,9,6,4,5,8,2,4,12,7,9,6,8,0,7,120
5,9,7,6,7,7,7,2,4,9,8,9,7,6,2,8,121
3,4,4,3,2,3,11,2,2,10,10,8,5,10,1,8,122
7,7,10,6,10,8,8,5,5,7,5,8,9,8,9,6,123
7,8,7,6,5,4,11,3,3,9,9,7,7,11,2,6,124
6,5,8,7,4,4,8,5,2,7,9,8,9,9,0,8,125
10,13,11,7,5,7,7,3,5,13,9,9,6,8,0,8,126
3,5,5,4,2,7,4,1,8,8,2,10,0,7,2,8,127
7,11,11,8,8,7,6,3,5,9,8,9,8,6,2,8,128
1,0,2,0,0,8,8,3,0,6,8,8,5,9,0,8,129
4,8,6,6,7,9,7,5,5,6,7,6,8,7,2,6,130
4,3,5,5,3,7,7,12,1,7,9,8,8,6,0,8,131
7,9,9,7,7,6,6,3,5,10,9,9,10,7,3,8,132
3,2,4,3,3,5,11,2,2,8,9,9,6,11,0,8,133
6,9,8,7,8,7,7,5,5,6,7,8,9,7,3,7,134
10,12,10,7,5,2,8,3,3,10,11,9,9,10,1,6,135
5,5,6,4,4,8,6,6,5,6,7,7,10,6,4,6,136
6,11,8,8,5,10,8,3,5,9,3,5,6,9,1,7,137
7,9,9,5,3,8,6,3,4,13,6,8,6,8,0,8,138
4,6,6,6,6,6,9,5,3,6,4,8,7,8,4,9,139
2,1,3,2,2,8,6,6,3,6,7,7,6,5,1,7,140
3,6,5,4,4,7,11,2,2,7,8,8,6,11,1,8,141
3,5,4,3,3,7,8,5,5,7,7,6,5,9,2,6,142
5,8,7,6,8,8,7,6,5,6,7,8,8,6,2,7,143
4,4,5,6,2,7,7,15,2,4,6,8,6,8,0,8,144
5,6,7,4,3,9,7,3,5,10,3,5,5,9,1,7,145
6,7,9,5,7,4,7,3,5,10,10,11,8,6,3,7,146
7,9,7,4,4,5,8,2,4,8,10,8,10,10,2,6,147
7,7,10,6,10,6,9,5,3,7,5,8,12,5,6,8,148
12,12,12,6,6,8,10,6,4,5,5,10,11,13,2,7,149
5,8,8,6,5,3,7,4,5,11,12,11,5,8,2,7,150
5,11,6,8,4,7,7,12,2,7,9,8,9,6,0,8,151
6,11,7,8,7,8,6,11,1,7,8,8,9,4,1,8,152
5,7,7,6,9,7,8,4,3,7,6,7,10,8,5,5,153
4,4,6,6,3,8,8,4,1,7,8,8,8,9,0,8,154
5,11,8,8,8,4,12,2,2,8,9,9,7,13,2,8,155
6,6,8,5,8,8,9,4,5,6,6,6,9,6,6,4,156
5,7,6,5,6,7,8,6,3,8,8,7,7,9,4,9,157
3,4,5,2,2,9,7,3,4,10,3,5,5,9,1,7,158
4,3,5,5,3,7,7,12,1,7,9,8,8,6,0,8,159
4,3,5,4,4,8,6,6,4,6,7,8,9,5,3,6,160
3,7,4,5,2,7,7,14,2,5,6,8,5,8,0,8,161
5,5,8,7,4,7,7,5,2,7,8,8,9,9,0,8,162
7,10,10,7,6,4,9,3,4,10,10,9,8,7,2,7,163
6,10,9,8,7,6,6,7,6,7,8,11,9,6,2,9,164
4,4,5,6,3,7,7,12,1,7,9,8,8,6,0,8,165
7,9,10,7,6,8,6,2,5,9,6,8,10,8,3,8,166
7,11,7,6,4,4,8,2,2,8,10,8,9,11,1,6,167
3,5,5,3,2,6,9,2,4,10,7,7,5,8,1,8,168
5,7,7,5,3,7,8,4,1,6,8,8,8,9,0,8,169
7,9,9,7,4,7,8,3,5,10,7,7,6,9,1,7,170
1,0,2,1,0,7,7,11,0,5,6,8,4,8,0,8,171
6,7,8,5,4,10,7,3,6,10,1,4,6,10,2,8,172
4,7,4,5,2,7,7,14,2,4,6,8,6,8,0,8,173
6,9,7,4,3,12,2,3,2,10,3,9,6,4,1,9,174
6,10,9,8,8,8,7,2,4,9,7,8,8,6,2,8,175
5,6,7,4,3,5,9,3,5,11,9,9,5,8,1,7,176
4,5,6,5,7,7,7,5,5,6,6,8,9,9,8,8,177
8,9,8,7,6,5,10,3,3,9,7,7,10,12,3,4,178
6,9,5,5,3,8,11,5,4,4,6,10,6,11,2,6,179
5,6,5,4,4,5,11,3,2,9,8,7,6,12,2,7,180
4,8,7,6,5,7,10,2,3,7,9,8,8,11,1,8,181
4,5,6,8,4,7,7,4,2,7,8,8,9,9,0,8,182
3,2,3,3,2,7,8,5,4,7,6,7,4,8,1,7,183
6,7,6,5,5,5,11,3,2,9,8,7,6,12,2,6,184
5,9,7,7,4,3,9,4,4,11,11,10,5,7,1,8,185
9,14,11,8,7,5,4,4,3,7,4,10,10,1,2,8,186
4,6,5,4,4,8,5,6,5,7,6,7,2,9,7,9,187
4,8,6,6,5,8,8,4,1,6,9,8,7,11,0,8,188
4,5,4,3,3,7,8,5,5,7,7,6,6,9,3,6,189
5,6,7,5,8,6,7,6,5,6,5,8,8,10,8,10,190
5,5,7,4,5,8,6,6,5,7,7,8,9,6,3,7,191
4,8,6,6,3,4,9,4,4,10,10,9,5,8,1,7,192
8,9,12,8,12,8,9,4,4,7,6,7,12,7,7,3,193
5,8,8,6,5,9,11,2,3,5,9,7,10,13,1,6,194
3,7,4,5,2,7,7,14,2,5,6,8,5,8,0,8,195
5,9,6,5,3,2,10,5,3,13,12,9,4,9,0,8,196
6,9,6,4,3,3,9,2,2,9,11,8,7,11,0,7,197
7,7,7,5,5,4,11,3,3,9,9,7,7,11,2,6,198
3,6,4,4,3,7,5,10,1,7,8,8,7,5,0,9,199
5,7,6,5,7,7,9,6,5,7,6,8,8,8,5,7,200
2,3,3,4,2,8,6,11,1,6,9,8,7,5,0,8,201
5,9,6,4,4,6,4,2,2,8,4,10,7,3,1,9,202
5,9,8,6,5,9,8,4,1,6,9,8,7,11,0,8,203
4,10,4,8,3,7,7,14,2,5,6,8,6,8,0,8,204
6,5,7,4,4,5,11,4,2,9,8,7,7,11,2,6,205
7,9,7,7,6,5,10,3,2,9,7,7,9,13,3,4,206
6,11,8,8,9,5,8,3,4,8,8,9,7,9,5,4,207
2,3,3,1,1,6,2,2,1,5,2,8,1,6,1,7,208
6,10,7,6,4,13,2,4,3,12,1,9,5,5,1,9,209
4,8,4,6,5,8,5,10,0,6,9,8,7,5,1,6,210
4,8,6,6,4,7,9,2,4,9,5,6,5,9,1,7,211
6,7,8,5,4,4,11,3,4,10,10,9,5,8,1,8,212
1,1,2,1,1,8,6,10,0,6,8,8,6,6,0,8,213
5,6,6,6,6,7,7,4,3,7,5,7,6,9,5,5,214
3,1,4,3,3,10,11,3,2,5,9,7,6,11,0,8,215
3,8,4,6,2,7,7,14,2,5,6,8,6,8,0,8,216
5,7,8,5,6,5,9,3,6,10,8,8,3,8,3,6,217
4,9,4,7,5,7,5,10,0,7,9,8,7,5,0,8,218
2,1,3,2,2,6,6,6,4,7,7,10,6,5,2,9,219
11,15,11,8,6,7,10,4,5,4,5,10,10,11,2,7,220
6,8,9,7,9,6,7,4,4,6,5,8,8,9,5,8,221
1,0,2,0,0,7,8,3,0,7,8,8,5,9,0,8,222
2,3,4,2,2,7,6,3,4,9,7,8,6,5,1,8,223
7,9,7,4,3,6,10,1,3,8,10,7,7,12,1,7,224
2,3,4,2,2,7,7,3,3,9,8,8,5,5,1,7,225
10,12,10,7,5,11,12,6,4,4,7,9,8,12,2,7,226
1,0,2,1,1,8,6,9,0,7,8,8,6,6,0,8,227
7,10,7,7,6,5,10,4,3,9,7,7,9,13,3,4,228
2,4,2,2,2,7,8,5,4,7,6,7,4,8,1,6,229
5,8,5,6,4,2,10,2,3,10,11,9,6,10,1,7,230
4,2,6,4,4,8,11,2,2,6,9,8,7,11,1,8,231
3,3,5,5,3,6,8,4,1,7,8,8,8,9,0,8,232
2,1,2,1,1,7,7,12,1,5,6,8,5,8,0,8,233
5,11,5,8,7,7,5,11,1,8,8,8,9,5,2,10,234
9,12,9,6,5,2,10,3,3,10,11,9,7,10,1,6,235
3,3,4,5,3,10,8,4,1,6,8,8,7,10,0,8,236
5,11,6,9,8,7,10,6,3,7,6,8,8,10,7,8,237
3,9,4,7,4,7,7,12,1,6,6,8,5,8,0,7,238
6,8,9,7,11,9,7,5,5,7,5,8,12,10,9,4,239
10,12,9,6,4,5,9,2,2,7,10,7,9,12,1,6,240
6,10,6,8,3,7,7,15,2,4,6,8,6,8,0,8,241
5,10,7,8,7,6,11,2,2,7,8,9,7,12,1,8,242
2,0,2,1,1,7,6,10,0,7,8,8,6,6,0,8,243
3,5,5,3,2,5,9,2,8,11,10,9,2,9,3,6,244
3,7,4,5,4,9,6,5,4,6,7,6,7,5,2,6,245
6,9,9,7,7,7,12,2,2,7,8,8,7,12,1,8,246
6,10,8,8,6,7,8,6,6,6,6,4,9,10,5,6,247
4,6,5,8,4,7,7,12,2,7,9,8,9,6,0,8,248
5,10,7,8,9,7,9,6,5,7,6,8,7,9,6,10,249
2,3,3,1,1,8,8,2,4,11,5,6,4,8,0,7,250
3,6,4,4,3,6,7,8,5,7,5,7,3,7,3,8,251
6,9,10,7,11,10,5,3,2,9,4,8,11,6,4,7,252
2,6,2,4,2,7,7,11,1,6,6,8,4,8,0,8,253
5,11,6,8,3,7,7,15,2,4,6,8,6,8,0,8,254
8,11,11,8,6,12,7,3,6,10,0,3,7,11,2,8,255
2,4,4,3,2,6,9,2,4,10,7,7,5,8,1,8,256
6,9,9,6,5,7,9,2,5,10,5,6,6,9,1,7,257
6,9,9,7,6,5,6,3,5,10,9,9,8,5,2,7,258
7,11,11,8,9,3,8,4,5,10,11,10,10,9,5,7,259
2,2,3,3,2,7,8,5,4,7,6,7,4,8,1,7,260
8,8,8,6,5,3,11,2,3,10,10,8,7,10,2,6,261
5,9,7,6,6,4,7,3,4,10,10,10,7,5,2,7,262
6,10,9,8,6,11,8,3,5,10,1,4,7,11,2,8,263
4,7,7,5,6,7,8,3,4,8,7,8,7,10,5,4,264
9,11,9,9,7,7,11,4,3,8,6,6,11,13,4,4,265
5,10,6,8,4,7,7,12,2,7,9,8,9,6,0,8,266
3,2,3,3,2,8,8,7,5,7,5,7,2,8,9,8,267
4,5,6,8,4,4,8,5,2,7,8,8,8,10,0,8,268
1,0,1,0,0,7,8,3,0,7,8,8,3,9,0,8,269
4,7,4,5,2,7,7,14,2,5,6,8,6,8,0,8,270
5,10,5,7,3,7,7,15,2,4,6,8,6,8,0,8,271
6,10,9,8,8,5,12,2,2,8,8,9,9,14,2,8,272
7,12,8,7,4,12,2,4,3,12,1,8,6,3,1,9,273
4,3,4,4,3,7,8,5,5,7,6,6,6,9,3,6,274
2,3,3,2,2,7,7,5,5,7,5,6,2,7,4,8,275
5,10,7,8,4,3,9,4,4,10,11,10,5,7,1,8,276
4,5,6,4,3,6,10,2,4,10,7,7,5,8,1,8,277
5,7,8,5,6,3,7,4,5,11,11,10,5,8,2,6,278
4,10,5,8,6,7,5,11,1,7,9,8,9,5,2,8,279
4,10,5,7,5,8,7,3,8,5,6,6,3,8,6,8,280
5,10,6,7,6,8,5,11,0,6,9,8,9,6,2,6,281
9,9,9,7,8,4,11,2,2,9,8,7,7,12,2,6,282
5,8,7,6,5,8,9,6,5,7,6,5,7,8,3,8,283
3,1,5,1,2,6,11,3,2,7,9,9,6,11,0,8,284
9,14,8,8,4,9,6,3,8,9,4,7,5,8,5,9,285
3,6,3,4,2,7,7,13,1,5,6,8,5,8,0,8,286
3,3,4,2,3,7,6,6,4,6,7,8,7,5,2,8,287
6,7,6,5,4,6,11,4,2,8,7,6,6,12,2,5,288
3,4,5,3,2,7,8,2,5,10,6,6,5,9,0,7,289
3,5,4,4,2,7,8,5,4,7,7,7,6,9,2,5,290
8,8,8,6,6,3,11,2,3,10,9,8,7,11,2,6,291
7,9,7,7,6,2,11,2,3,10,10,8,6,11,2,7,292
3,3,5,2,3,7,6,3,4,9,7,9,7,5,1,8,293
5,11,8,8,6,7,9,6,5,6,6,7,6,9,1,7,294
5,11,7,8,9,8,9,7,4,7,7,8,8,8,9,5,295
14,15,14,8,7,6,10,5,5,4,4,11,11,13,2,8,296
5,10,7,8,8,8,9,6,4,5,9,9,7,8,4,5,297
9,10,7,5,3,9,13,6,5,3,6,10,5,8,2,8,298
7,7,10,6,10,8,7,5,5,7,5,8,10,9,8,7,299
4,2,5,4,4,9,6,6,4,6,7,6,8,6,2,6,300
2,3,4,2,3,7,6,3,4,9,7,8,6,5,1,8,301
2,0,2,1,1,7,7,12,1,5,6,8,5,8,0,8,302
4,5,7,4,3,7,9,3,5,11,6,6,6,8,1,7,303
2,0,3,1,1,8,8,4,0,7,8,8,6,10,0,8,304
9,12,8,6,3,7,10,5,6,3,4,10,5,9,2,7,305
7,10,10,8,6,9,9,2,5,10,4,5,7,9,2,8,306
4,2,6,3,3,7,11,2,2,6,9,8,7,11,0,8,307
4,5,7,3,4,7,6,3,4,9,7,8,7,5,2,8,308
10,14,10,8,5,9,11,6,5,4,6,9,10,11,2,7,309
9,10,8,6,3,5,8,5,7,3,3,11,6,10,3,7,310
5,8,6,6,5,8,5,11,0,7,9,8,9,6,2,7,311
9,13,10,8,6,11,11,7,3,4,7,9,9,13,3,6,312
6,9,6,7,5,4,10,3,3,9,8,7,7,11,2,5,313
4,3,4,5,3,7,7,12,1,7,9,8,8,6,0,8,314
1,0,2,0,0,7,6,9,0,7,8,8,5,6,0,8,315
5,11,8,8,9,6,7,3,4,8,8,9,7,10,7,6,316
5,9,8,7,8,7,8,4,5,7,6,7,6,8,7,5,317
3,4,4,3,2,5,10,3,2,9,8,7,6,11,1,6,318
6,5,8,4,7,6,9,5,3,6,4,8,13,8,5,7,319
4,8,6,6,4,5,9,2,3,9,8,8,5,8,1,7,320
11,15,11,8,5,2,9,3,2,9,11,9,9,12,0,6,321
4,9,6,6,4,7,9,2,5,9,5,6,5,8,1,7,322
3,6,4,4,2,7,7,11,1,7,9,8,8,6,0,8,323
3,3,4,2,2,4,11,3,2,9,9,7,6,11,1,7,324
5,8,7,6,4,7,8,3,5,10,6,7,5,8,1,7,325
1,0,1,0,0,7,7,10,0,5,6,8,4,8,0,8,326
5,6,8,4,4,8,8,2,5,10,4,6,5,9,1,7,327
3,7,4,5,3,8,6,11,1,6,9,8,7,6,0,8,328
5,7,7,5,3,7,7,3,4,10,7,8,5,8,0,7,329
6,5,6,8,3,7,7,15,2,4,6,8,6,8,0,8,330
8,15,10,8,5,5,9,3,4,13,10,9,6,9,0,8,331
3,4,4,2,2,6,11,3,2,8,7,7,6,11,1,6,332
4,10,5,7,3,7,7,14,2,4,6,8,6,8,0,8,333
3,3,5,5,3,5,8,5,1,7,8,8,8,10,0,8,334
4,7,6,5,6,8,6,4,2,7,8,8,7,9,4,6,335
4,11,6,8,6,6,6,6,5,7,7,10,8,5,2,9,336
6,9,8,6,7,7,7,6,3,5,8,9,11,8,6,4,337
5,10,7,7,5,6,9,6,5,7,7,8,6,9,2,6,338
6,9,8,6,7,7,7,6,3,8,8,7,7,9,5,10,339
5,7,5,5,5,5,9,3,3,9,7,7,6,11,3,6,340
5,11,6,9,3,7,7,15,2,4,6,8,6,8,0,8,341
6,6,6,4,4,1,12,3,2,11,10,8,6,11,1,7,342
6,10,6,8,7,4,10,3,2,9,7,8,8,12,3,5,343
2,3,4,1,2,5,6,3,4,10,10,10,4,7,1,7,344
5,10,7,7,8,7,8,3,5,7,6,7,7,8,8,2,345
10,13,12,8,6,10,2,2,2,9,3,9,7,2,1,9,346
1,0,2,1,1,7,7,11,1,5,6,8,4,8,0,8,347
6,10,8,7,6,11,5,3,4,9,3,6,8,6,2,9,348
6,11,9,8,6,11,8,2,5,10,2,4,7,10,2,8,349
4,7,6,5,3,6,8,4,1,7,8,8,8,10,0,8,350
5,9,6,7,3,6,8,2,6,15,6,8,2,8,2,8,351
11,13,9,8,5,4,8,5,6,3,2,13,7,11,2,7,352
7,6,10,6,10,7,8,4,4,7,5,7,11,8,5,5,353
3,5,4,7,3,7,7,14,2,5,6,8,6,8,0,8,354
6,10,9,8,6,5,10,2,4,9,9,8,7,7,2,7,355
4,9,6,7,4,6,9,6,5,7,7,8,6,9,2,6,356
5,2,6,4,4,8,6,6,4,7,7,8,8,6,2,7,357
5,11,8,8,10,8,5,5,2,8,8,8,6,9,4,8,358
6,10,6,8,3,7,7,15,2,4,6,8,6,8,0,8,359
2,2,4,4,2,8,2,1,2,7,2,8,2,7,3,7,360
1,3,2,2,1,8,8,2,5,14,5,8,0,7,0,7,361
10,10,10,5,4,8,10,4,2,5,10,7,10,12,2,6,362
4,6,6,4,3,9,8,4,1,7,8,8,8,9,0,8,363
6,10,8,8,6,7,9,5,5,7,6,6,7,7,3,7,364
8,10,12,8,9,4,8,3,5,10,10,10,13,8,5,8,365
3,7,4,5,3,7,7,11,1,7,9,8,8,6,0,8,366
5,8,7,6,3,10,8,5,1,7,8,8,8,9,0,8,367
2,0,2,1,0,7,7,11,0,5,6,8,4,8,0,8,368
6,8,8,7,10,7,7,5,5,6,5,8,10,8,8,10,369
5,6,7,5,7,7,9,4,4,7,5,7,9,8,5,5,370
6,11,9,8,12,10,5,3,2,9,4,8,11,8,4,6,371
3,2,5,3,3,5,11,3,2,8,9,9,7,11,0,8,372
6,12,8,7,5,13,2,5,2,11,1,9,7,2,1,8,373
4,7,5,5,3,7,7,12,1,7,9,8,8,6,0,8,374
2,0,2,0,1,7,8,4,0,7,8,8,6,9,0,8,375
6,10,6,5,4,2,9,2,3,10,11,9,8,10,1,6,376
2,1,2,2,1,7,6,10,0,7,8,8,6,6,0,8,377
3,8,4,6,2,7,7,14,2,5,6,8,6,8,0,8,378
4,7,5,5,3,8,7,12,1,6,9,8,8,6,0,8,379
10,13,12,8,5,4,9,3,4,13,10,9,6,8,0,7,380
4,4,7,3,4,7,5,3,4,10,8,9,7,5,2,8,381
4,5,5,8,3,7,7,14,2,4,6,8,6,8,0,8,382
3,6,5,4,6,10,7,4,2,7,6,8,5,10,1,5,383
6,8,9,6,6,11,6,2,5,9,3,6,9,7,2,9,384
10,11,10,8,7,4,10,3,3,9,8,7,8,11,2,6,385
6,11,8,8,9,6,7,3,4,8,8,9,8,9,7,5,386
5,10,7,7,4,10,7,3,5,10,2,5,6,9,1,7,387
10,14,9,8,4,8,10,5,5,4,5,10,6,10,3,7,388
5,8,7,6,5,8,8,6,6,6,5,3,8,10,5,8,389
5,8,7,6,7,7,7,6,5,6,7,7,9,8,3,6,390
9,11,8,8,7,5,10,4,3,9,8,7,9,11,3,5,391
7,10,12,8,15,10,6,3,3,9,4,7,12,6,5,5,392
10,13,9,7,4,9,11,5,5,3,6,11,6,10,3,6,393
8,14,8,8,6,3,8,1,4,9,10,8,9,11,2,5,394
6,10,9,8,7,5,8,4,1,7,9,8,7,11,0,8,395
7,7,7,5,6,4,10,2,3,10,9,8,7,11,2,6,396
6,8,8,7,9,8,8,5,6,7,6,8,9,8,8,7,397
5,11,7,8,4,5,8,5,2,7,8,8,8,10,0,8,398
5,8,7,6,6,4,7,3,4,10,10,10,5,6,2,6,399
7,9,10,7,5,10,8,3,6,11,1,3,5,9,1,7,400
8,12,8,6,6,9,9,4,4,6,9,6,10,9,3,6,401
8,9,8,6,6,5,11,3,3,9,8,7,8,11,3,6,402
5,10,6,8,6,8,6,11,1,6,8,8,9,5,2,5,403
6,9,8,8,10,6,8,4,3,7,5,8,10,8,5,6,404
5,5,6,3,4,4,11,3,2,9,9,7,7,12,1,6,405
6,9,9,7,7,4,10,2,3,8,9,9,10,9,1,8,406
9,12,9,6,5,4,8,2,4,8,10,8,10,10,2,5,407
4,9,6,7,4,9,7,6,5,6,6,4,5,8,2,5,408
2,0,3,1,1,7,8,4,0,7,8,8,7,9,0,8,409
2,0,2,1,1,7,6,10,0,7,8,8,6,6,0,8,410
4,3,6,4,2,11,8,5,1,6,9,8,8,10,0,8,411
6,9,8,7,4,4,8,5,2,7,9,8,9,9,0,8,412
4,6,6,4,4,10,11,3,2,4,9,7,7,11,0,7,413
2,1,3,3,3,7,6,7,3,7,7,10,6,5,1,9,414
5,9,7,7,6,6,7,7,6,7,5,8,6,7,3,7,415
3,4,4,3,2,8,7,7,5,7,6,8,2,8,3,8,416
5,8,8,6,6,8,6,6,5,6,7,8,8,6,2,7,417
4,7,5,5,4,8,8,13,1,6,6,7,6,8,1,10,418
7,10,5,5,2,6,11,5,4,11,9,4,4,11,3,10,419
3,7,5,5,3,10,8,4,1,7,8,8,8,9,0,8,420
5,8,8,6,8,8,6,4,4,7,6,7,7,11,7,4,421
7,8,9,7,10,8,7,5,4,7,6,7,10,9,6,4,422
7,11,10,8,15,10,5,5,2,7,6,7,12,10,3,4,423
4,6,5,4,4,8,6,6,5,7,7,8,7,5,2,8,424
2,4,4,3,2,7,8,3,4,10,6,7,5,9,0,7,425
8,9,11,8,13,8,7,5,5,7,6,7,13,9,8,2,426
4,7,8,5,8,10,6,3,3,9,4,7,10,5,3,6,427
5,10,6,8,4,7,7,12,2,7,9,8,9,6,0,8,428
3,6,5,4,7,9,7,4,2,7,6,8,8,11,1,6,429
3,3,4,4,2,5,8,4,1,7,9,8,7,10,0,8,430
5,6,7,4,3,6,8,3,5,11,8,8,5,8,1,8,431
6,11,9,8,7,7,6,6,6,6,7,7,10,8,3,6,432
3,4,5,3,3,8,6,6,4,7,7,8,7,5,2,7,433
7,12,7,7,4,1,9,2,3,9,11,9,8,10,1,6,434
7,9,9,8,10,8,7,6,5,7,6,7,9,9,8,0,435
3,5,5,3,4,7,6,3,4,9,7,8,7,6,1,8,436
4,7,6,5,5,7,6,6,5,7,7,9,8,5,2,9,437
1,0,2,0,1,7,6,9,0,7,8,8,5,6,0,8,438
4,9,6,7,10,8,6,6,2,7,6,8,8,11,3,9,439
4,5,5,7,3,7,7,15,2,4,6,8,6,8,0,8,440
5,8,7,6,5,11,5,2,4,9,3,6,7,6,2,8,441
8,9,12,8,12,7,7,4,4,6,5,8,14,9,6,9,442
3,1,4,3,3,8,6,6,4,6,7,8,7,5,2,7,443
4,5,5,4,3,7,8,5,5,7,7,6,6,9,2,5,444
1,0,2,0,1,7,6,9,0,7,8,8,6,6,0,8,445
4,10,4,8,3,7,7,14,2,5,6,8,6,8,0,8,446
5,5,8,7,4,11,8,5,2,6,9,8,8,9,0,8,447
3,1,4,2,1,7,8,4,0,7,8,8,7,9,0,8,448
3,5,6,3,2,7,9,2,5,10,6,6,5,8,1,7,449
7,9,9,6,8,8,7,2,5,9,6,8,8,6,2,8,450
11,14,9,8,4,10,12,6,4,4,6,10,5,11,2,5,451
8,9,10,8,13,6,8,6,5,6,6,8,10,10,9,9,452
3,6,4,4,2,7,7,14,2,5,6,8,6,8,0,8,453
8,8,10,7,12,7,7,5,5,6,6,8,10,9,9,8,454
6,10,9,8,7,7,7,2,5,9,8,8,9,7,3,8,455
3,3,5,2,3,8,6,6,4,7,7,8,7,5,2,7,456
5,5,5,8,3,7,7,15,2,4,6,8,6,8,0,8,457
5,11,8,8,12,10,8,4,2,6,7,8,11,10,4,5,458
12,14,12,8,5,9,10,4,3,5,10,7,10,12,2,6,459
7,7,10,6,11,9,7,5,5,7,6,7,11,9,7,3,460
4,8,5,6,5,8,6,6,4,6,7,8,8,5,2,7,461
10,11,10,8,6,2,11,2,3,10,11,9,8,10,2,6,462
4,8,6,6,5,7,8,6,6,10,6,6,3,8,7,8,463
8,10,8,5,3,6,10,2,2,8,10,7,8,12,1,7,464
4,9,4,6,2,7,7,14,2,4,6,8,6,8,0,8,465
3,6,4,4,4,8,7,6,2,6,8,9,5,8,3,7,466
3,6,5,4,5,7,8,3,3,8,7,8,5,9,5,4,467
6,5,6,8,3,7,7,15,2,4,6,8,6,8,0,8,468
4,9,6,7,10,9,7,5,2,7,6,8,13,10,3,6,469
4,7,6,5,3,9,8,5,1,7,8,8,8,9,0,8,470
7,9,10,6,6,10,5,2,6,9,4,7,8,6,2,8,471
1,0,2,1,1,7,7,11,1,5,6,8,4,8,0,8,472
5,11,5,8,5,7,7,13,1,6,6,8,6,8,1,9,473
7,9,8,4,3,9,6,4,4,13,2,7,6,8,0,7,474
2,3,3,1,1,7,9,5,5,8,7,6,5,9,1,6,475
5,11,6,8,4,8,7,12,2,6,9,8,8,6,0,8,476
4,4,5,6,2,7,7,14,2,4,6,8,6,8,0,8,477
6,10,7,8,7,8,5,11,0,7,9,8,10,5,3,7,478
3,6,4,4,2,8,7,11,1,7,9,8,7,5,0,8,479
1,0,2,0,1,7,8,3,0,7,8,8,5,10,0,8,480
4,4,5,6,3,7,7,12,1,7,9,8,8,6,0,8,481
6,9,6,7,7,4,9,2,3,9,8,8,7,11,2,6,482
4,8,6,6,5,6,8,9,5,8,6,6,4,8,3,9,483
2,3,4,1,2,5,7,4,3,10,10,10,4,7,1,6,484
5,9,7,7,4,8,8,5,2,7,8,8,9,9,0,8,485
5,10,7,7,7,7,7,6,2,7,8,8,6,8,4,10,486
4,9,6,6,6,11,10,2,3,5,9,7,7,10,1,8,487
4,7,6,5,3,4,8,5,1,7,9,8,8,10,0,8,488
4,5,6,4,4,8,6,2,4,9,6,8,7,5,2,8,489
4,10,4,7,5,7,7,12,1,6,6,8,5,8,0,8,490
4,7,4,5,3,7,7,12,1,7,9,8,8,6,0,8,491
5,9,8,7,4,3,10,3,4,10,10,9,5,8,1,7,492
8,10,11,7,5,11,7,3,6,11,0,3,6,9,2,8,493
4,4,5,2,3,4,11,3,2,9,9,7,6,11,1,6,494
6,5,6,8,4,7,7,13,2,7,9,8,9,6,0,8,495
7,8,9,7,10,8,8,4,4,7,6,7,10,9,6,3,496
7,11,8,8,7,7,5,12,1,8,8,8,10,5,2,10,497
3,4,4,6,2,7,7,14,2,5,6,8,6,8,0,8,498
4,6,5,8,4,8,7,12,2,6,9,8,8,6,0,8,499
4,8,6,6,5,10,6,6,4,6,7,5,7,5,2,5,500
4,2,5,4,3,7,9,5,5,7,6,6,7,8,3,7,501
4,7,7,5,7,9,6,2,2,8,4,7,7,5,2,6,502
3,6,6,4,7,6,5,3,1,6,5,8,7,7,2,8,503
3,3,4,1,2,5,11,3,2,9,9,7,6,11,1,6,504
3,3,3,1,2,5,10,3,2,9,8,7,5,11,1,6,505
5,10,7,8,7,8,6,5,5,6,8,7,8,6,2,7,506
2,1,3,1,1,8,6,6,6,6,5,9,1,7,5,10,507
4,4,8,3,4,7,6,3,4,9,8,9,8,6,2,8,508
2,4,4,3,2,7,9,2,4,10,6,6,5,8,1,7,509
5,11,6,8,3,7,7,15,2,4,6,8,6,8,0,8,510
4,5,7,4,3,6,9,2,5,10,7,7,5,8,1,8,511
3,3,5,5,3,7,8,4,1,7,8,8,8,10,0,8,512
5,11,7,8,4,7,7,5,2,7,8,8,9,9,0,8,513
4,6,5,4,3,8,7,8,6,7,4,5,3,7,3,7,514
6,9,8,8,8,7,7,5,4,7,5,8,7,9,5,7,515
5,8,7,6,4,6,9,2,4,9,8,8,6,7,2,7,516
2,0,2,1,1,7,6,10,0,7,8,8,6,6,0,8,517
4,4,5,3,3,4,11,3,2,9,9,7,6,12,1,6,518
4,8,6,6,8,10,9,5,2,6,7,7,8,9,4,5,519
4,10,7,7,5,5,10,2,3,7,9,9,8,11,1,8,520
6,10,10,8,13,9,6,3,2,8,4,8,11,7,3,7,521
5,8,8,6,5,5,7,3,4,10,9,10,8,6,3,8,522
6,10,8,8,4,7,8,2,5,10,7,8,5,8,1,8,523
4,5,7,3,4,9,6,3,5,9,4,7,9,7,2,8,524
2,1,3,1,2,7,8,6,4,7,6,6,5,9,2,6,525
3,5,4,3,3,7,8,5,4,7,7,7,5,9,2,6,526
5,8,8,6,7,6,8,3,4,8,7,9,7,8,5,5,527
4,6,5,4,3,7,8,6,5,7,6,6,5,9,1,6,528
6,8,6,6,5,4,10,2,3,9,9,8,7,11,2,6,529
5,9,8,7,11,8,6,3,2,8,4,8,13,6,3,7,530
7,11,10,8,6,12,7,3,5,10,0,3,7,11,2,9,531
6,11,7,8,5,7,6,9,6,7,5,9,4,8,5,5,532
4,7,5,5,5,8,7,5,5,6,6,5,8,7,2,6,533
6,9,9,7,4,7,8,3,5,10,6,7,6,9,1,7,534
2,1,3,2,2,10,11,3,2,5,9,7,5,11,0,8,535
3,5,5,3,2,8,8,2,5,10,4,6,5,8,1,7,536
3,6,4,4,3,7,9,6,4,7,6,6,5,9,1,6,537
2,3,4,1,2,8,6,3,4,9,6,7,6,5,1,7,538
6,7,6,5,5,3,11,2,2,10,10,8,6,11,2,7,539
6,11,8,8,5,7,9,6,5,7,7,8,6,9,1,7,540
5,6,8,4,5,9,6,2,4,9,5,7,8,6,2,8,541
6,9,8,7,9,7,9,7,5,7,6,8,10,10,8,6,542
7,9,10,7,7,8,6,3,5,9,7,8,8,5,2,8,543
6,9,8,7,4,10,8,5,2,6,8,8,9,9,0,8,544
3,1,4,3,3,7,6,6,4,6,7,7,8,6,2,7,545
4,5,6,7,4,7,8,5,2,6,8,8,8,9,0,8,546
3,3,4,2,2,5,10,3,2,9,9,7,5,11,1,7,547
3,8,3,6,2,7,7,13,2,5,6,8,5,8,0,8,548
3,3,5,2,3,5,7,3,4,10,9,10,6,5,2,7,549
5,5,7,5,7,7,8,5,5,7,5,8,9,8,8,6,550
5,10,6,7,5,7,9,6,4,6,6,6,6,9,2,7,551
7,6,9,6,10,7,8,5,5,7,5,8,10,10,9,8,552
3,7,4,5,2,7,4,2,0,6,2,8,2,7,1,7,553
5,10,5,8,3,7,7,15,2,4,6,8,6,8,0,8,554
5,9,5,7,3,7,7,15,2,4,6,8,6,8,0,8,555
9,13,8,7,4,6,10,4,5,4,5,10,6,10,2,7,556
4,5,5,4,3,7,11,3,2,6,9,8,7,11,0,8,557
4,7,6,5,5,6,8,3,4,8,7,7,5,9,5,3,558
9,12,7,7,3,9,11,5,6,3,5,9,5,8,2,7,559
6,10,6,8,6,2,10,2,3,10,9,8,7,11,2,6,560
7,11,8,6,3,9,7,2,4,13,5,8,6,8,0,8,561
2,3,3,2,2,8,6,6,4,7,8,8,6,5,2,8,562
7,9,11,7,6,9,6,2,5,9,5,7,11,7,2,8,563
3,2,4,3,2,7,8,5,4,7,6,7,5,9,2,6,564
6,10,6,8,4,7,7,12,2,7,9,8,9,6,0,8,565
5,7,6,5,4,8,8,6,6,6,5,3,8,9,5,7,566
4,3,5,2,3,4,11,3,2,9,9,7,6,11,1,7,567
4,7,6,5,3,5,8,4,1,7,9,8,8,9,0,8,568
3,6,5,4,3,4,9,3,3,10,10,9,5,8,0,8,569
4,9,7,7,6,7,8,4,1,7,9,8,7,11,0,8,570
3,6,5,4,7,9,7,5,1,7,6,8,7,10,2,7,571
4,10,5,8,4,8,7,12,2,6,9,8,8,6,0,8,572
5,6,7,4,5,10,6,2,4,9,4,7,7,6,2,8,573
3,4,5,2,3,8,6,6,4,7,7,9,9,5,2,8,574
5,5,5,7,4,8,7,12,2,7,9,8,8,6,0,8,575
3,6,5,4,5,12,5,3,2,9,4,8,5,6,2,6,576
4,6,7,4,6,7,8,3,4,8,7,7,6,9,5,4,577
3,4,4,3,3,7,6,6,4,6,7,8,7,5,2,8,578
2,2,3,3,2,7,7,7,6,6,6,4,2,8,3,7,579
4,5,6,4,6,6,8,5,3,6,5,8,9,7,4,8,580
3,1,5,2,3,8,11,3,2,6,9,8,7,11,0,7,581
4,7,6,5,5,9,7,2,4,9,6,7,7,5,2,7,582
4,9,5,7,6,7,5,10,1,7,8,8,6,5,0,8,583
6,8,6,6,5,6,10,4,3,9,7,6,7,12,3,6,584
5,7,7,5,3,4,8,5,1,7,9,8,8,10,0,8,585
3,3,4,2,2,6,11,3,2,8,8,7,5,11,1,6,586
3,6,4,4,4,7,5,10,0,7,8,8,6,5,0,8,587
2,3,3,1,2,6,6,7,4,7,7,10,7,5,2,9,588
3,5,6,4,3,9,8,3,5,10,3,5,5,9,1,8,589
5,9,6,4,3,12,3,4,2,11,2,9,6,3,1,9,590
5,9,8,7,6,4,7,3,4,10,10,10,8,6,3,7,591
4,9,6,6,7,9,4,4,4,9,6,9,4,7,10,9,592
2,1,3,2,1,4,10,3,5,10,8,5,0,9,3,7,593
6,10,8,8,7,11,5,2,5,9,3,6,8,6,2,9,594
4,7,6,5,6,9,7,5,5,6,7,5,8,6,2,6,595
11,11,11,6,5,6,10,5,5,4,4,11,10,12,2,7,596
5,10,8,8,6,8,6,2,4,9,6,8,8,6,2,8,597
4,7,7,5,5,4,8,3,4,10,10,10,5,9,2,6,598
6,5,6,8,3,7,7,15,2,4,6,8,6,8,0,8,599
4,3,6,5,3,7,8,4,1,7,8,8,8,9,0,8,600
3,7,4,5,4,7,7,5,8,8,8,9,3,9,6,9,601
2,1,2,3,2,7,8,5,4,7,6,7,4,8,1,6,602
3,2,5,3,3,8,11,2,2,6,9,8,6,11,1,7,603
6,12,7,6,3,7,7,2,3,12,5,8,5,8,0,7,604
7,10,7,8,7,4,11,2,2,9,8,7,7,12,2,6,605
4,7,6,5,5,6,6,2,4,9,8,9,7,5,2,7,606
5,8,7,6,4,4,9,4,4,10,9,9,5,7,1,7,607
2,1,2,2,1,7,8,6,4,7,6,7,4,8,1,7,608
3,5,4,6,4,8,9,4,2,5,8,11,2,10,5,8,609
2,0,2,1,1,7,7,12,1,5,6,8,5,8,0,8,610
4,9,4,7,2,7,7,14,2,5,6,8,6,8,0,8,611
2,3,2,2,1,6,8,5,4,8,7,7,4,8,1,6,612
3,4,4,3,3,8,6,6,4,6,7,8,7,6,2,8,613
5,10,8,8,13,9,5,5,2,7,6,8,11,10,4,8,614
4,8,7,6,3,4,10,4,4,10,11,10,5,7,1,7,615
10,12,8,6,4,9,11,6,5,3,5,10,6,9,2,7,616
6,5,8,5,9,8,7,5,5,7,5,8,9,9,7,9,617
3,3,4,5,2,7,7,14,2,5,6,8,5,8,0,8,618
6,7,6,5,4,3,10,2,3,10,10,8,6,11,2,6,619
1,0,2,1,1,7,8,3,0,7,8,8,5,10,0,8,620
4,10,5,8,6,8,5,11,1,6,8,8,8,5,1,5,621
7,8,7,6,5,4,11,3,3,9,9,7,7,11,2,6,622
2,1,2,2,1,7,9,5,4,7,6,7,4,8,1,6,623
4,6,6,4,3,8,8,4,1,7,9,8,7,10,0,8,624
7,9,6,5,3,8,10,5,4,4,6,10,6,11,3,7,625
4,2,5,4,3,7,8,5,6,7,6,5,6,9,2,6,626
4,7,6,5,3,6,6,6,8,6,5,9,3,10,4,8,627
5,6,7,4,5,11,6,3,4,9,2,6,7,6,2,8,628
3,4,3,6,1,0,1,5,6,0,0,7,0,8,0,8,629
2,0,3,1,1,7,8,4,0,7,8,8,7,9,0,8,630
3,7,4,5,3,8,8,6,4,7,6,6,5,9,1,6,631
4,8,6,6,3,7,8,4,1,7,8,8,8,9,0,8,632
4,10,6,8,6,7,6,6,5,7,7,9,8,5,2,8,633
3,6,5,4,2,4,8,5,1,7,8,8,8,10,0,8,634
5,9,5,6,6,8,5,11,0,6,8,8,8,6,1,6,635
4,7,6,5,5,7,7,2,4,9,7,9,7,6,2,8,636
4,7,6,5,6,7,7,6,2,7,8,8,6,8,4,8,637
4,8,6,6,3,6,8,4,1,7,8,8,8,9,0,8,638
3,3,5,1,2,9,6,3,4,9,5,8,7,5,1,8,639
5,9,7,7,8,8,7,6,4,6,7,8,8,6,2,7,640
4,6,5,4,3,11,7,4,5,10,1,4,5,9,1,7,641
3,4,4,3,3,4,10,4,2,9,8,7,5,11,1,6,642
5,10,6,8,6,7,7,13,1,6,6,8,6,9,0,6,643
8,9,8,7,7,5,11,3,3,9,8,7,7,12,3,6,644
6,11,8,6,3,8,7,2,4,13,6,8,6,8,0,8,645
12,14,12,8,5,1,10,4,2,11,12,9,8,10,0,7,646
6,7,9,5,6,8,6,2,5,9,6,7,8,6,2,7,647
2,4,3,3,2,7,7,5,5,6,6,9,2,8,4,9,648
4,2,5,4,4,8,6,6,4,6,7,8,8,6,2,7,649
5,5,6,7,3,7,7,15,2,4,6,8,6,8,0,8,650
4,4,5,3,3,6,11,5,2,8,7,6,6,11,2,6,651
9,14,8,8,4,10,11,6,6,3,6,9,5,10,3,6,652
3,6,4,4,3,8,8,7,4,7,7,8,3,8,2,8,653
9,10,9,5,4,6,11,2,3,8,10,7,8,12,1,7,654
5,7,5,5,5,5,10,3,2,9,8,7,6,11,2,6,655
5,5,8,4,8,7,7,5,5,6,6,8,8,10,7,10,656
7,8,10,6,6,9,6,2,5,9,6,8,8,6,2,8,657
5,9,7,6,5,9,8,6,6,6,5,4,7,11,3,5,658
6,10,8,8,9,8,7,6,3,7,8,8,10,6,6,11,659
6,7,8,5,4,9,7,3,5,10,2,5,5,9,1,7,660
7,11,10,9,7,10,11,3,3,5,9,7,10,13,1,7,661
5,9,8,7,7,6,11,2,2,7,8,8,8,11,1,8,662
6,8,8,7,8,7,8,4,4,7,5,6,7,8,7,2,663
4,6,6,4,5,4,10,2,4,8,7,9,6,7,4,5,664
6,6,6,4,4,2,11,2,2,10,10,8,6,11,1,7,665
9,9,12,8,13,8,8,4,4,7,6,7,12,9,7,3,666
4,5,7,4,4,6,6,3,4,9,9,10,7,5,2,8,667
3,2,4,3,4,8,6,6,4,7,7,8,7,6,2,7,668
6,10,7,8,4,8,7,13,2,6,9,8,9,6,0,8,669
5,10,7,8,5,7,8,5,5,7,7,7,6,7,3,7,670
4,4,5,6,3,7,7,12,1,7,9,8,8,6,0,8,671
4,7,7,5,5,5,11,2,2,8,9,8,7,12,1,8,672
6,9,8,6,8,6,6,6,5,7,7,11,11,5,2,9,673
5,10,6,8,3,7,7,15,2,4,6,8,6,8,0,8,674
2,3,4,2,1,7,9,3,4,10,7,7,5,8,1,8,675
2,5,3,4,2,7,7,5,9,6,6,8,1,8,7,8,676
5,5,5,8,3,7,7,15,2,4,6,8,6,8,0,8,677
4,5,6,7,4,8,8,4,2,7,8,8,9,9,0,8,678
4,9,6,7,4,7,8,6,5,7,6,6,6,9,2,5,679
5,9,5,7,3,7,7,15,2,4,6,8,6,8,0,8,680
5,9,7,7,6,7,6,3,4,10,8,9,11,5,3,9,681
4,7,6,5,4,6,6,7,5,7,8,11,8,5,2,9,682
9,11,9,8,6,3,8,5,8,10,9,10,3,9,2,6,683
4,3,5,4,2,7,6,8,8,6,5,7,3,8,4,8,684
7,11,10,8,13,11,5,3,3,9,4,8,11,8,4,8,685
6,10,8,7,9,7,10,6,4,7,7,9,8,10,7,11,686
4,7,6,5,3,8,7,7,6,6,6,4,6,9,2,5,687
10,10,9,8,9,4,11,3,3,9,8,7,8,12,2,6,688
3,4,4,3,3,7,11,2,2,7,9,8,6,11,1,8,689
2,0,2,1,1,7,6,10,0,7,8,8,6,6,0,8,690
5,11,7,8,9,8,7,6,2,7,8,8,6,8,4,8,691
1,0,2,0,0,7,6,9,0,7,8,8,5,6,0,8,692
4,4,5,2,3,7,11,3,2,6,9,8,7,11,0,8,693
6,9,9,8,11,7,7,4,3,6,6,8,10,9,5,5,694
6,8,6,6,4,2,10,2,3,11,11,9,6,10,2,6,695
2,3,3,1,2,5,10,4,2,9,8,7,5,10,1,6,696
4,7,6,5,4,12,7,3,5,10,0,4,5,9,1,7,697
3,5,6,3,2,6,9,3,5,10,7,7,5,8,1,8,698
6,9,10,7,12,7,5,3,2,7,5,8,15,7,4,6,699
5,9,5,6,6,7,5,11,0,7,8,8,7,5,1,9,700
4,9,6,6,6,7,7,6,3,7,6,9,5,7,7,7,701
3,3,4,2,2,9,6,7,3,6,7,6,6,6,1,5,702
4,4,7,3,4,7,6,3,4,9,8,9,7,5,2,8,703
4,5,6,3,4,6,11,2,2,7,9,8,8,11,1,8,704
7,10,9,8,9,9,7,6,5,6,7,6,11,8,4,5,705
4,7,6,5,3,4,8,5,1,7,9,8,8,10,0,8,706
3,7,5,5,3,4,10,3,3,10,10,9,5,8,1,7,707
7,10,7,8,5,1,10,2,3,11,11,9,7,10,1,7,708
4,7,6,5,4,5,9,3,4,10,9,8,5,8,1,8,709
2,4,4,3,2,5,10,3,3,10,8,8,5,8,1,7,710
5,9,7,6,5,6,8,7,7,7,6,7,3,7,3,8,711
4,5,7,4,4,5,11,3,2,8,9,9,8,11,1,8,712
7,6,9,5,9,7,8,5,4,6,5,8,13,7,5,8,713
7,9,10,7,6,4,7,3,5,10,10,10,8,5,2,7,714
4,7,5,5,4,9,6,6,5,6,8,6,8,5,2,7,715
5,11,8,8,7,10,10,3,3,5,9,7,8,10,1,8,716
8,10,8,8,6,5,10,3,3,9,8,7,8,11,3,6,717
3,7,4,5,2,7,7,14,2,5,6,8,6,8,0,8,718
7,11,10,8,4,9,7,5,2,6,8,8,9,9,0,8,719
6,11,9,8,8,7,9,5,1,7,9,8,9,10,1,7,720
6,9,8,7,5,8,9,2,5,9,5,6,6,9,1,7,721
7,11,9,8,10,8,7,6,3,6,8,8,6,8,5,7,722
5,4,5,7,3,7,7,15,2,4,6,8,6,8,0,8,723
6,7,6,5,4,4,11,3,3,9,9,7,7,11,2,6,724
5,6,8,4,5,7,6,2,5,9,7,8,8,6,2,8,725
4,6,6,4,3,7,8,4,1,7,8,8,8,9,0,8,726
5,10,5,7,4,7,7,12,2,7,9,8,8,6,0,8,727
4,8,6,6,7,7,8,6,4,6,6,8,6,9,7,10,728
7,10,10,8,5,7,8,3,5,10,6,7,7,8,1,8,729
6,6,7,4,4,6,11,4,2,8,7,6,9,12,2,5,730
3,7,4,5,3,7,8,6,5,7,6,7,5,8,1,6,731
5,7,8,5,4,11,7,3,5,11,0,4,5,9,1,7,732
2,3,2,2,1,6,8,5,4,9,8,9,2,8,4,9,733
4,2,5,4,4,8,6,6,4,7,7,8,8,6,3,6,734
10,14,12,8,5,12,5,3,4,13,1,6,6,7,0,8,735
7,8,10,7,11,8,7,5,5,7,6,7,14,8,7,3,736
2,1,4,2,2,7,11,2,2,7,9,8,5,11,0,8,737
8,15,7,8,4,7,9,4,7,4,4,9,5,8,2,8,738
3,7,5,5,5,7,9,6,3,7,7,9,5,9,5,10,739
4,7,7,5,4,4,6,4,4,11,11,11,6,6,2,7,740
3,4,5,3,3,9,6,3,4,9,5,7,6,5,1,8,741
6,11,6,8,6,7,7,13,1,6,6,8,5,8,0,8,742
5,8,7,6,7,6,8,3,4,8,7,9,6,9,5,5,743
2,3,3,5,2,7,7,13,1,5,6,8,5,8,0,8,744
5,10,8,7,6,5,8,4,1,7,9,8,7,11,0,8,745
2,0,2,0,1,7,8,4,0,7,8,8,6,9,0,8,746
7,9,10,6,8,5,7,3,5,9,9,9,10,6,3,8,747
8,11,8,6,5,8,8,4,4,6,9,6,10,10,3,6,748
3,2,4,3,2,7,8,5,5,8,7,6,6,10,3,5,749
5,11,7,8,9,6,6,5,5,7,7,11,11,6,2,9,750
2,4,3,3,2,6,8,5,4,7,7,7,5,9,1,6,751
7,7,7,5,6,5,10,3,3,9,7,7,8,10,3,5,752
5,10,6,5,3,10,2,1,3,9,3,9,5,4,1,9,753
6,9,5,4,2,6,9,4,5,4,4,10,5,10,2,8,754
9,10,9,5,3,3,10,2,2,10,11,8,8,12,0,7,755
2,4,4,3,2,7,9,2,4,10,6,7,5,9,0,7,756
5,8,7,6,3,7,8,5,2,7,8,8,9,9,0,8,757
4,5,6,3,4,8,6,6,5,6,7,8,9,6,3,7,758
3,7,4,5,3,7,7,11,1,7,9,8,8,5,0,8,759
7,12,8,6,5,7,3,3,2,8,4,10,8,2,2,8,760
4,10,6,8,4,8,8,4,2,7,8,8,8,9,0,8,761
4,2,6,4,4,7,11,2,2,6,9,8,7,11,1,8,762
1,1,2,2,1,7,7,11,1,5,6,8,4,8,0,8,763
4,4,5,3,3,4,11,3,2,9,9,7,6,11,1,7,764
4,7,7,5,4,4,10,3,3,9,10,9,8,11,1,8,765
6,10,8,8,9,8,7,5,5,6,7,7,11,7,4,6,766
6,9,7,4,3,6,9,5,5,4,4,10,8,7,2,8,767
3,4,5,3,2,7,9,3,4,10,6,6,5,9,0,7,768
7,11,6,6,3,8,11,5,6,4,5,9,5,8,2,7,769
8,9,11,8,12,7,9,4,4,7,5,8,12,6,6,7,770
4,10,5,8,5,8,7,12,1,6,6,8,5,8,0,9,771
2,3,2,2,2,7,9,6,3,7,6,8,4,8,1,7,772
4,7,5,5,3,6,7,12,1,8,9,8,8,6,0,8,773
5,9,7,7,7,8,5,7,2,6,7,8,7,7,5,3,774
3,6,5,4,5,7,7,6,4,7,5,8,5,9,6,8,775
5,9,5,4,4,9,8,3,3,6,8,6,9,10,2,6,776
5,11,7,8,6,7,7,8,5,7,5,6,3,7,3,8,777
4,6,6,4,5,8,7,6,3,6,8,8,6,8,3,7,778
6,10,9,7,6,11,6,2,5,9,3,6,9,8,2,9,779
1,0,1,1,0,7,7,10,0,5,6,8,4,8,0,8,780
4,6,5,4,4,6,6,6,5,6,8,10,7,5,2,9,781
5,10,8,7,10,12,4,3,1,9,4,9,10,6,3,8,782
3,5,5,4,2,7,8,3,5,10,6,7,5,8,1,7,783
3,7,4,5,3,9,8,6,4,6,5,5,5,9,2,6,784
9,10,9,7,6,3,11,2,3,9,9,8,8,11,2,6,785
4,2,5,4,4,8,7,6,6,7,6,6,2,8,7,10,786
4,4,5,6,2,7,7,14,2,4,6,8,6,8,0,8,787
9,11,9,6,5,5,8,2,4,7,9,7,10,10,2,5,788
4,5,5,4,3,7,9,5,5,7,7,7,5,9,2,6,789
3,8,4,6,3,8,8,6,5,6,6,5,6,9,2,5,790
5,8,7,6,7,7,6,5,5,7,7,10,11,6,2,8,791
4,6,6,4,4,10,6,7,5,6,7,4,8,5,2,5,792
4,8,5,6,4,7,7,9,4,6,4,6,3,7,3,8,793
4,8,6,6,6,7,6,6,2,7,7,8,6,8,4,10,794
2,3,3,2,1,5,12,3,7,11,9,5,1,10,2,5,795
2,3,4,2,2,6,6,4,3,9,9,10,5,6,1,7,796
12,15,11,8,5,6,10,2,3,7,10,7,10,12,1,6,797
3,8,5,6,4,8,8,7,7,7,5,7,3,8,3,7,798
4,8,5,6,5,7,6,6,5,7,7,10,7,5,2,8,799
4,4,6,3,3,8,11,3,2,6,9,8,8,12,1,7,800
3,3,5,2,2,8,6,2,4,9,6,8,7,6,2,8,801
2,2,3,3,1,10,6,3,6,12,4,9,0,7,1,7,802
4,5,7,3,4,8,7,3,4,9,6,7,8,6,2,7,803
6,10,8,7,5,6,10,2,4,9,7,7,5,9,1,8,804
4,11,4,8,5,8,7,12,1,6,6,7,5,8,0,9,805
6,11,10,8,14,8,7,3,3,8,4,7,12,4,4,6,806
5,11,5,9,6,7,7,13,1,6,6,8,5,9,0,7,807
7,10,10,8,7,5,8,4,1,7,9,8,8,10,0,7,808
8,10,10,9,11,7,7,5,4,7,6,7,8,9,6,5,809
5,6,5,4,4,4,10,2,3,9,9,7,7,11,2,6,810
6,9,5,4,2,9,11,5,4,4,6,10,5,11,3,7,811
4,9,5,6,6,8,5,4,3,7,5,11,6,8,5,11,812
14,14,14,8,7,7,10,5,5,4,4,11,11,13,2,7,813
7,8,7,6,5,3,11,2,2,10,9,8,6,12,2,6,814
5,7,8,5,5,9,7,3,6,10,4,7,5,8,4,9,815
5,8,7,6,5,4,11,2,3,8,9,9,8,10,1,8,816
4,8,4,6,5,8,6,10,1,6,8,8,7,5,0,7,817
8,10,8,5,4,5,9,5,5,4,4,11,9,11,2,7,818
5,10,6,8,3,7,7,15,2,4,6,8,6,8,0,8,819
6,9,8,7,12,10,7,5,2,7,7,8,11,10,3,5,820
2,1,3,2,2,7,8,5,5,7,7,6,5,9,1,5,821
3,6,5,4,5,8,9,5,4,5,9,9,5,8,2,7,822
4,6,6,4,5,7,11,2,2,7,8,8,6,11,1,8,823
5,11,6,8,4,9,7,13,2,6,9,8,8,6,0,8,824
6,5,7,4,3,3,10,3,3,10,10,8,7,10,1,7,825
3,1,4,3,3,8,6,6,4,7,7,8,7,5,1,7,826
4,6,5,4,3,7,9,2,4,9,7,7,5,8,1,8,827
3,8,3,6,2,0,2,4,6,1,0,8,0,8,0,8,828
5,9,7,6,7,7,7,5,5,6,7,9,8,6,2,8,829
4,4,5,2,3,8,6,6,4,6,7,8,8,6,2,7,830
1,0,1,1,0,7,7,9,0,6,6,8,4,8,0,8,831
5,11,8,8,11,10,7,3,4,8,4,7,12,6,7,4,832
8,14,9,8,5,7,7,2,4,12,4,8,6,8,0,7,833
4,7,6,5,4,7,9,5,5,7,6,6,6,10,2,5,834
4,5,4,7,4,7,7,12,2,7,9,8,8,5,0,8,835
8,15,8,8,6,1,7,2,3,9,10,9,9,10,1,5,836
3,6,4,4,4,8,7,6,2,6,7,8,5,9,4,6,837
6,7,6,5,4,5,10,3,3,9,8,7,7,12,2,5,838
5,6,6,8,4,8,7,13,2,6,9,8,9,6,0,8,839
5,8,7,7,7,7,9,4,8,7,7,8,3,10,8,6,840
10,15,9,8,4,7,9,4,5,3,5,10,6,10,2,7,841
9,10,9,7,6,6,10,5,3,8,6,6,11,12,4,4,842
5,9,8,7,6,5,7,3,4,10,9,9,8,6,3,8,843
2,3,2,1,1,7,8,5,4,7,6,7,4,9,1,6,844
3,7,4,5,3,7,8,5,4,7,6,6,5,9,1,6,845
3,3,3,2,2,5,10,3,2,9,8,7,5,11,1,6,846
4,7,6,5,6,7,8,6,4,7,6,8,5,9,7,7,847
10,15,10,9,7,5,8,2,4,7,9,7,11,10,2,5,848
4,10,6,7,4,11,8,5,2,7,9,8,8,10,0,8,849
6,11,9,8,14,9,7,5,2,7,6,8,14,11,3,6,850
3,4,5,2,3,9,6,3,4,8,5,7,7,5,1,8,851
4,8,6,6,3,7,8,3,4,10,6,7,5,8,1,7,852
4,8,6,6,6,5,11,2,2,7,8,8,7,11,1,8,853
3,3,4,1,2,5,11,3,2,9,8,7,5,11,1,6,854
2,2,3,4,2,7,8,5,4,7,7,7,5,9,2,6,855
7,13,8,7,4,4,9,4,4,13,11,10,5,9,0,8,856
8,9,8,7,6,2,12,2,3,10,10,8,7,11,2,7,857
4,2,6,3,4,8,6,6,5,6,7,8,8,7,3,6,858
4,9,6,7,5,10,10,3,3,5,9,7,7,11,1,8,859
2,0,2,1,1,7,8,4,0,7,8,8,6,10,0,8,860
4,9,6,7,3,9,8,4,1,7,8,8,8,9,0,8,861
3,4,5,3,2,6,9,3,4,10,7,7,5,8,1,8,862
9,13,11,8,6,10,2,2,3,9,3,9,7,2,1,9,863
5,11,8,8,4,8,8,1,8,10,5,7,3,8,4,8,864
4,3,5,5,3,7,7,12,1,7,9,8,8,6,0,8,865
5,9,6,7,4,8,7,13,2,6,9,8,8,6,0,8,866
6,11,8,8,6,8,7,9,5,6,4,4,4,8,4,9,867
8,9,11,7,8,10,6,2,5,9,3,6,10,8,3,9,868
6,9,8,8,8,7,6,5,7,7,5,9,6,5,10,3,869
2,3,3,1,2,8,11,2,1,6,9,8,5,11,0,8,870
3,2,5,4,3,7,11,2,2,7,9,8,7,11,0,8,871
6,5,7,4,4,4,11,2,2,9,9,8,7,11,1,6,872
4,5,7,4,4,7,11,3,2,6,9,8,8,11,1,8,873
1,0,2,0,0,7,6,9,0,7,8,8,5,6,0,8,874
3,7,5,5,3,11,8,5,1,6,9,8,7,10,0,8,875
3,7,4,5,3,5,9,6,4,8,7,9,5,8,1,7,876
5,10,8,8,7,8,6,6,5,6,8,8,8,6,2,7,877
5,9,6,4,4,7,9,2,3,7,8,6,8,11,2,7,878
4,7,5,5,3,5,8,5,1,7,8,8,8,9,0,8,879
3,8,5,6,5,9,11,2,2,5,8,8,6,11,1,8,880
3,7,5,5,3,8,8,3,8,6,6,7,3,8,6,8,881
5,6,5,8,4,7,7,12,2,7,9,8,8,6,0,8,882
8,11,10,8,13,7,7,7,4,7,5,8,7,11,9,8,883
5,7,7,5,3,7,9,2,4,10,6,6,5,9,1,7,884
10,14,12,8,7,9,3,3,2,9,3,10,11,0,2,8,885
6,9,8,7,9,7,9,6,4,7,9,8,7,7,5,10,886
4,11,7,8,11,8,6,7,3,7,6,8,14,10,5,9,887
4,7,4,5,2,7,7,14,2,5,6,8,6,8,0,8,888
4,4,6,3,3,7,11,3,2,6,9,8,8,11,1,8,889
6,9,8,6,8,7,7,6,5,6,7,9,8,6,2,8,890
6,7,8,5,4,7,9,2,5,10,5,6,5,9,1,7,891
4,8,6,6,6,10,12,2,2,5,8,8,6,11,0,8,892
6,9,8,7,4,5,7,5,2,7,8,8,9,9,0,8,893
5,10,6,8,6,6,7,8,5,7,5,6,3,7,3,8,894
2,5,3,4,2,7,8,5,4,7,6,7,4,8,1,7,895
5,11,6,8,4,7,7,12,2,7,9,8,9,6,0,8,896
6,8,9,6,7,8,7,2,5,9,6,8,9,6,2,8,897
3,5,4,7,3,7,7,14,2,5,6,8,6,8,0,8,898
3,5,5,3,2,5,9,3,4,10,8,8,5,8,0,7,899
2,5,4,3,2,7,8,2,4,10,5,6,5,9,0,7,900
3,1,3,3,2,7,9,5,4,7,6,7,4,8,1,7,901
2,0,2,0,1,7,8,4,0,7,8,8,6,9,0,8,902
9,10,9,7,6,2,10,2,4,11,11,9,7,10,1,7,903
9,15,7,8,4,6,9,4,5,4,5,11,6,11,2,7,904
5,8,7,6,7,8,7,6,2,6,8,8,7,8,5,4,905
4,11,5,8,5,8,7,13,1,6,6,7,6,8,1,10,906
2,1,2,1,1,8,8,4,0,7,8,8,6,10,0,8,907
3,4,3,6,2,3,8,6,10,7,6,15,0,8,7,8,908
3,6,5,4,3,7,10,2,2,7,9,8,6,11,0,8,909
4,7,6,5,9,8,7,5,2,7,7,8,10,10,3,8,910
11,11,11,6,5,4,9,5,6,4,2,12,9,11,2,8,911
4,6,6,4,4,11,7,2,4,9,3,6,7,6,2,8,912
6,10,9,7,5,6,10,5,4,8,7,9,7,7,2,8,913
6,10,8,8,10,7,6,7,4,6,5,8,8,8,8,9,914
6,7,9,5,5,8,6,2,5,9,6,7,8,6,2,8,915
4,5,7,4,4,7,11,2,2,6,9,8,7,11,0,8,916
5,9,8,7,7,10,6,2,4,9,5,7,7,6,2,8,917
4,7,4,5,3,8,8,12,1,6,6,7,5,8,0,9,918
4,8,6,6,4,8,6,9,5,4,4,5,4,6,3,8,919
2,3,4,2,1,7,8,3,4,10,6,6,5,8,0,7,920
3,1,4,2,2,5,11,3,2,8,9,9,6,11,0,8,921
5,8,8,6,9,8,6,3,2,8,4,8,12,5,2,7,922
5,9,6,6,6,7,6,6,5,7,7,10,8,5,2,8,923
4,11,6,8,4,11,8,5,2,6,9,8,8,10,0,8,924
6,9,7,4,4,7,3,3,2,8,4,10,7,3,1,9,925
2,4,3,3,3,8,6,6,4,6,7,6,6,6,2,6,926
2,3,3,2,2,7,6,6,3,7,7,8,5,5,1,8,927
3,4,4,2,3,7,6,6,4,6,7,8,6,6,2,8,928
2,0,2,1,1,8,7,4,6,5,6,8,0,8,7,8,929
6,10,6,7,6,3,10,2,3,10,10,8,6,11,2,6,930
4,10,5,8,3,7,7,14,2,4,6,8,6,8,0,8,931
4,4,5,3,4,9,6,6,4,6,7,5,9,5,3,6,932
2,0,3,1,1,7,6,10,0,7,9,8,7,6,0,8,933
5,8,8,6,4,10,7,3,5,10,2,4,5,9,1,7,934
6,11,8,8,5,9,7,3,5,10,4,6,6,8,1,7,935
6,5,6,8,3,7,7,15,2,4,6,8,6,8,0,8,936
8,14,9,8,4,4,10,6,4,14,12,9,6,9,0,9,937
3,3,3,5,2,7,7,13,2,5,6,8,5,8,0,8,938
5,8,7,6,4,10,8,2,5,10,2,5,5,9,1,7,939
5,11,7,8,8,9,7,5,4,6,7,5,9,7,3,5,940
3,7,5,5,3,8,8,4,1,7,8,8,8,10,0,8,941
5,8,7,6,6,7,11,2,2,7,8,8,7,12,1,8,942
4,6,6,4,2,7,8,4,1,7,8,8,8,9,0,8,943
4,10,5,8,4,7,7,12,2,7,9,8,8,6,0,8,944
9,10,9,8,9,6,10,3,3,8,7,6,11,11,4,5,945
5,7,6,6,6,8,9,4,4,7,4,7,6,8,5,5,946
5,7,5,5,4,6,10,5,2,9,6,6,6,12,2,5,947
4,9,5,6,3,5,9,2,10,10,8,9,2,8,5,5,948
6,10,8,8,4,4,8,5,2,7,9,8,9,9,0,8,949
15,15,15,8,8,3,9,6,6,3,2,13,10,12,2,8,950
4,7,6,5,5,10,11,2,2,5,9,8,6,12,1,8,951
6,8,8,7,10,8,7,4,4,7,6,7,11,8,5,5,952
6,8,8,6,8,7,8,7,5,6,6,8,7,9,8,11,953
8,10,8,5,4,7,10,5,6,4,5,10,9,8,2,8,954
4,5,8,4,4,7,6,3,4,9,7,8,7,5,2,8,955
3,6,4,4,4,8,5,10,0,6,8,8,6,5,0,7,956
2,3,4,2,2,8,6,3,4,9,6,8,6,5,1,7,957
2,1,2,1,1,7,7,12,1,5,6,8,5,8,0,8,958
6,5,8,4,7,7,8,4,4,7,5,8,11,8,5,6,959
4,7,4,5,3,7,7,12,1,7,9,8,8,6,0,8,960
4,4,5,3,3,5,11,4,2,9,8,7,6,12,2,6,961
3,7,5,5,4,10,5,2,6,8,5,5,3,7,5,7,962
4,9,5,6,3,7,7,12,1,7,9,8,8,6,0,8,963
5,10,6,8,4,7,7,12,2,7,9,8,9,6,0,8,964
8,8,8,6,5,3,10,3,4,11,10,8,8,10,2,6,965
2,2,3,3,2,7,8,6,4,7,6,7,4,9,2,6,966
5,11,8,8,8,9,7,5,5,6,7,5,10,8,3,5,967
6,8,9,7,10,9,8,5,4,7,6,7,13,10,7,5,968
5,10,8,8,8,8,11,2,3,6,8,8,8,10,1,8,969
7,8,9,7,8,7,8,5,5,7,5,7,6,9,5,4,970
5,9,8,6,4,11,6,4,5,10,1,4,5,8,1,7,971
3,4,4,6,2,7,7,14,2,5,6,8,6,8,0,8,972
6,10,9,8,9,6,8,3,5,8,7,7,9,8,8,4,973
6,9,6,7,6,3,12,2,2,10,9,8,6,11,2,7,974
7,9,8,4,3,5,9,3,4,13,9,9,5,8,0,8,975
14,15,14,8,7,10,11,7,4,4,6,10,10,13,3,6,976
7,9,8,5,4,7,8,3,4,6,9,6,9,11,3,5,977
4,10,6,7,6,8,6,5,5,7,7,8,11,5,2,8,978
8,11,11,8,5,7,8,3,5,10,6,7,7,9,2,7,979
6,7,6,5,6,7,10,4,2,8,6,6,8,12,4,5,980
3,6,4,4,2,7,7,14,2,5,6,8,6,8,0,8,981
6,11,9,8,4,11,7,5,2,6,9,8,9,9,0,8,982
10,15,9,8,4,7,10,5,5,4,5,11,6,11,3,7,983
5,10,8,7,7,4,11,2,3,8,9,9,7,11,1,8,984
5,6,7,4,6,7,6,5,5,8,6,11,10,5,2,9,985
1,0,1,1,1,7,7,10,0,6,6,8,4,8,0,8,986
1,0,1,1,0,7,7,10,0,5,6,8,4,8,0,8,987
5,11,7,8,9,9,8,5,4,7,5,5,7,11,9,4,988
5,7,7,5,4,7,9,2,4,10,5,6,5,9,1,7,989
5,9,7,7,4,6,8,5,2,7,8,8,9,10,0,8,990
5,8,7,7,7,8,8,5,5,8,5,6,6,10,7,2,991
7,10,10,8,7,5,6,3,5,9,9,9,8,5,2,8,992
4,8,6,6,4,7,10,2,3,7,9,8,8,11,1,8,993
6,9,8,7,6,8,6,2,5,9,6,8,8,6,2,8,994
3,2,5,3,3,9,6,6,4,6,7,6,7,5,2,6,995
4,8,7,6,9,9,8,5,2,7,7,7,12,10,4,6,996
4,5,5,8,3,7,6,8,8,6,6,10,1,8,6,11,997
1,0,2,1,0,7,7,11,0,5,6,8,4,8,0,8,998
5,10,5,8,5,7,7,12,1,6,6,8,6,7,1,10,999
7,8,7,6,6,4,12,3,2,9,8,7,6,12,2,6,1000
5,11,7,8,6,7,6,8,5,6,4,7,4,8,3,7,1001
5,10,6,8,4,7,7,12,2,8,9,8,8,6,0,8,1002
1,1,1,1,1,7,7,10,1,5,6,8,4,8,0,8,1003
6,6,6,4,5,4,11,2,2,9,8,7,7,12,2,6,1004
4,3,5,5,3,8,8,5,1,7,8,8,8,9,0,8,1005
4,8,4,6,3,7,7,12,1,7,9,8,8,6,0,8,1006
2,1,2,2,1,7,6,10,0,7,8,8,6,6,0,8,1007
5,8,6,6,4,6,9,6,5,8,7,9,6,9,1,7,1008
5,6,6,6,6,6,7,5,3,6,5,8,7,9,4,8,1009
4,5,4,3,3,7,8,5,5,7,6,6,5,10,2,5,1010
2,7,3,5,3,7,7,11,1,6,6,8,5,8,0,8,1011
12,13,11,7,5,8,11,3,3,5,10,7,8,12,1,6,1012
4,4,5,3,3,5,11,3,2,9,8,7,6,11,2,6,1013
8,11,11,8,7,4,11,3,4,10,10,8,6,8,1,7,1014
5,11,8,8,4,10,8,5,2,7,9,8,9,9,0,8,1015
4,2,5,4,3,7,8,5,5,7,7,7,5,9,2,6,1016
7,7,7,5,4,4,10,3,3,10,9,8,7,11,2,6,1017
7,10,10,8,5,9,9,3,6,10,3,4,6,9,1,7,1018
4,7,6,5,4,6,7,6,7,7,5,9,6,7,3,7,1019
6,8,9,6,5,4,10,3,4,10,10,8,5,8,1,8,1020
6,10,7,5,4,7,8,3,4,6,9,6,9,9,2,6,1021
8,10,11,7,7,5,6,4,5,11,10,11,11,5,4,7,1022
5,8,8,6,4,7,8,3,5,10,6,7,5,8,1,7,1023
3,3,4,2,2,9,6,6,4,6,7,6,6,5,2,6,1024
5,10,5,8,3,7,7,15,2,4,6,8,6,8,0,8,1025
7,12,8,6,4,12,4,5,3,13,0,7,5,7,0,7,1026
4,6,6,5,5,7,7,4,4,6,5,8,6,8,4,6,1027
8,10,8,8,6,2,11,2,3,10,10,8,7,11,1,7,1028
5,10,5,8,6,7,7,13,1,6,6,8,5,9,0,7,1029
4,9,5,6,4,7,8,6,5,7,6,6,6,9,1,6,1030
3,2,5,4,4,9,6,6,4,6,7,6,7,6,2,5,1031
5,8,7,6,4,7,8,3,4,10,6,7,5,8,1,7,1032
2,6,3,4,2,7,6,11,1,7,9,8,7,5,0,8,1033
4,7,6,5,8,9,6,5,2,7,6,8,10,10,2,7,1034
5,10,6,7,4,6,7,7,7,10,7,11,2,10,4,9,1035
4,10,6,8,4,10,8,5,2,7,8,8,8,9,0,8,1036
3,7,5,5,3,6,9,6,5,8,7,8,5,8,1,7,1037
6,9,5,5,2,4,8,4,6,4,4,11,5,9,2,7,1038
2,1,3,2,2,7,6,6,4,6,7,7,7,6,2,7,1039
5,6,7,4,5,9,6,2,4,9,6,7,7,6,2,7,1040
8,12,8,6,4,2,9,2,2,10,11,9,8,10,0,7,1041
7,14,8,8,5,9,6,3,5,11,3,7,5,7,4,8,1042
2,1,3,2,1,7,6,10,1,7,9,8,7,6,0,8,1043
9,11,9,6,5,1,10,3,4,11,12,9,8,11,1,5,1044
2,4,4,3,2,8,8,2,4,10,5,6,4,9,1,6,1045
6,11,8,8,5,7,8,2,5,10,6,7,5,8,1,7,1046
6,11,7,8,3,7,8,7,11,4,7,14,1,7,4,8,1047
8,11,11,8,8,6,6,3,5,9,8,9,8,6,2,8,1048
2,3,2,2,1,5,4,5,6,2,2,5,1,7,1,6,1049
4,8,5,6,6,9,9,5,4,8,4,6,4,9,9,7,1050
5,9,7,6,7,6,8,3,4,8,7,8,6,9,5,4,1051
4,11,5,8,3,8,8,6,9,5,6,6,0,8,9,7,1052
11,13,9,7,4,6,9,4,7,3,4,11,6,10,2,7,1053
3,5,5,4,4,9,11,3,2,5,9,7,7,11,1,8,1054
4,6,5,4,4,7,6,7,2,7,7,8,6,8,5,10,1055
5,10,6,7,3,7,7,15,2,4,6,8,6,8,0,8,1056
4,2,6,4,4,5,11,3,2,8,9,9,10,13,1,8,1057
6,11,9,8,9,9,7,5,5,6,7,5,11,8,4,6,1058
3,5,5,4,2,6,8,3,4,10,7,8,5,8,1,8,1059
4,7,5,5,5,7,7,6,2,7,8,8,5,8,3,9,1060
7,9,6,4,2,7,10,4,5,4,5,10,5,9,2,7,1061
3,1,3,2,1,8,8,4,0,7,8,8,7,10,0,8,1062
6,7,8,5,6,8,6,2,5,9,8,8,8,4,2,7,1063
3,3,5,1,2,5,7,4,4,10,10,10,6,6,2,8,1064
7,8,10,7,11,8,8,4,3,6,6,7,12,7,6,7,1065
8,12,7,6,3,7,10,4,6,3,5,9,5,9,2,7,1066
4,3,5,5,2,8,9,7,6,6,8,9,3,8,5,9,1067
3,4,5,3,3,8,5,3,3,9,6,8,7,5,1,8,1068
3,7,4,5,2,4,4,3,10,2,1,7,0,7,2,5,1069
11,15,14,8,5,10,5,4,4,14,1,7,6,6,0,7,1070
6,11,9,8,7,5,9,5,1,7,9,8,8,11,0,7,1071
3,2,4,4,3,7,9,5,4,7,7,7,5,9,2,6,1072
6,11,8,8,4,5,8,5,2,7,8,8,9,9,0,8,1073
5,7,5,5,4,4,10,3,2,9,8,7,6,11,2,6,1074
9,10,13,8,10,3,8,4,5,10,11,11,12,8,6,6,1075
6,8,6,6,6,4,9,2,3,9,8,8,7,11,2,6,1076
5,8,5,6,5,5,10,3,3,9,7,7,7,11,2,5,1077
1,0,2,1,1,7,6,9,0,7,8,8,6,6,0,8,1078
3,3,4,1,2,4,10,3,2,9,9,7,5,10,1,6,1079
6,10,8,8,9,7,9,6,4,9,9,7,8,8,5,12,1080
4,7,5,5,4,8,6,10,0,6,8,8,7,5,0,8,1081
3,6,4,4,3,8,8,6,5,6,6,5,5,9,2,5,1082
1,0,2,0,0,8,6,9,0,7,8,8,5,6,0,8,1083
10,10,10,8,7,2,11,2,3,10,10,8,7,11,2,7,1084
5,6,7,6,8,7,7,4,4,7,6,8,10,7,5,5,1085
7,8,7,6,5,6,11,5,3,8,6,6,10,13,3,4,1086
3,6,4,4,3,7,7,6,6,7,6,8,3,7,3,8,1087
8,8,8,6,5,2,10,2,3,11,11,9,7,10,1,7,1088
6,9,8,6,6,6,7,8,6,7,5,7,3,8,3,9,1089
8,12,8,6,4,1,9,3,2,11,12,9,7,10,0,6,1090
8,10,11,8,9,12,6,2,5,9,3,6,10,4,2,8,1091
4,4,4,6,3,8,7,12,1,6,9,8,8,6,0,8,1092
3,7,4,5,4,7,5,10,0,7,8,8,6,5,0,8,1093
6,8,9,6,4,7,9,3,5,10,7,7,6,8,1,8,1094
7,14,9,8,5,3,9,4,4,13,12,10,6,9,0,8,1095
3,4,5,3,2,8,8,3,5,10,4,6,5,9,1,6,1096
4,4,4,6,3,8,7,12,1,6,9,8,8,6,0,8,1097
4,8,5,6,3,7,7,12,1,7,9,8,8,6,0,8,1098
3,4,4,3,3,6,10,4,2,8,7,7,6,12,1,6,1099
7,12,8,6,4,5,9,5,4,13,11,9,6,9,0,9,1100
3,6,4,4,2,8,6,11,1,6,9,8,7,6,0,8,1101
2,3,4,2,2,8,11,3,1,6,8,8,6,12,0,7,1102
5,9,7,6,7,9,7,5,5,6,7,6,10,7,4,6,1103
4,10,6,8,8,7,7,6,3,8,8,7,6,8,4,9,1104
4,7,6,5,4,11,7,3,5,10,1,4,5,9,1,7,1105
3,12,11,0,1,3,12,11,0,1,3,12,11,0,1,3,1106
3,6,4,4,4,7,6,6,4,6,7,8,7,5,2,7,1107
5,7,7,5,4,8,8,2,5,10,4,6,5,9,1,7,1108
4,6,6,4,5,6,6,3,4,10,8,9,7,5,2,7,1109
8,12,10,6,4,3,11,6,3,14,12,9,6,10,0,8,1110
5,9,7,6,4,9,7,3,5,10,4,6,5,9,1,7,1111
5,8,6,6,7,7,9,6,4,6,6,8,9,9,8,10,1112
6,10,9,8,7,10,6,2,5,9,4,7,8,6,2,8,1113
7,9,10,6,7,5,6,3,5,9,10,10,8,5,2,7,1114
4,8,6,7,6,6,8,5,3,6,5,9,8,7,5,9,1115
12,14,12,8,5,2,9,3,2,10,12,8,9,10,1,6,1116
4,5,5,4,3,7,8,6,5,7,6,6,6,9,2,5,1117
2,1,3,2,1,7,6,10,1,7,9,8,7,6,0,8,1118
5,8,5,6,4,8,7,13,1,6,6,7,6,8,1,10,1119
6,11,9,9,4,9,7,5,2,7,8,8,9,9,0,8,1120
4,7,6,5,4,4,7,4,5,10,11,10,6,5,2,6,1121
4,8,6,6,4,4,10,3,4,10,10,9,5,8,1,8,1122
4,5,6,4,3,7,8,2,5,10,6,6,5,9,1,7,1123
8,11,12,8,7,3,11,3,4,10,11,9,8,7,2,7,1124
3,1,5,2,2,7,11,3,2,7,9,8,6,11,0,8,1125
2,3,3,2,2,9,10,3,2,5,9,7,5,11,0,7,1126
7,11,8,8,4,7,7,13,2,7,10,8,9,6,0,8,1127
6,11,10,8,6,5,10,2,3,8,9,9,8,11,1,8,1128
4,6,5,4,4,7,5,11,0,7,9,8,8,6,1,8,1129
3,7,6,5,4,5,10,2,3,8,9,9,7,11,1,8,1130
8,10,7,6,3,7,10,5,5,4,5,10,6,11,3,7,1131
3,6,4,4,2,8,6,12,1,5,9,8,7,6,0,8,1132
4,6,7,4,6,12,3,3,1,10,4,9,8,6,2,8,1133
7,10,10,8,6,10,5,2,5,9,4,7,8,6,2,9,1134
7,13,8,8,5,6,3,3,2,8,4,10,7,2,2,8,1135
4,2,5,4,4,8,6,6,4,6,7,8,8,6,2,7,1136
3,7,5,5,3,5,9,6,4,7,7,9,5,9,1,7,1137
3,6,4,4,2,7,7,14,2,5,6,8,6,8,0,8,1138
5,5,8,8,4,9,7,5,2,6,8,8,9,9,0,8,1139
4,3,4,5,2,7,7,14,2,5,6,8,6,8,0,8,1140
5,11,6,9,4,8,7,12,2,6,9,8,9,6,0,8,1141
4,7,6,5,6,7,9,6,3,7,6,8,5,9,5,8,1142
2,0,2,1,1,7,8,3,0,7,8,8,6,10,0,8,1143
3,7,5,5,3,6,9,3,4,10,8,8,5,8,1,7,1144
6,11,8,8,11,7,8,6,4,7,6,8,6,9,8,8,1145
3,5,5,3,2,7,8,2,4,10,6,6,5,8,0,7,1146
4,8,6,6,6,8,6,5,5,6,7,8,8,5,2,7,1147
6,8,6,6,5,4,10,3,3,9,8,7,7,11,2,6,1148
3,4,4,7,2,7,7,14,2,5,6,8,6,8,0,8,1149
3,7,4,5,3,8,7,11,1,6,9,8,8,6,0,8,1150
5,12,5,6,3,6,11,3,5,13,6,4,1,8,5,8,1151
4,2,5,3,3,5,11,3,2,8,9,9,7,10,1,8,1152
5,8,6,6,3,7,7,12,2,7,9,8,8,6,0,8,1153
4,4,5,6,2,7,7,14,2,4,6,8,6,8,0,8,1154
10,10,10,5,4,2,10,4,2,11,12,8,8,10,0,7,1155
6,10,7,8,4,8,7,13,2,6,9,8,9,6,0,8,1156
6,12,6,7,3,6,8,3,6,13,7,7,2,9,3,7,1157
4,8,5,6,2,7,7,15,2,4,6,8,6,8,0,8,1158
2,1,2,1,1,7,9,5,3,7,6,7,4,8,1,7,1159
5,8,7,6,6,8,7,2,4,9,7,8,7,6,2,8,1160
7,13,7,7,3,6,9,4,5,4,5,11,6,11,2,7,1161
5,7,8,5,7,8,7,2,4,9,6,7,7,5,2,7,1162
7,8,7,6,6,2,10,2,3,10,10,8,7,11,2,7,1163
5,9,8,6,3,4,8,5,2,7,9,8,8,9,0,8,1164
9,12,9,6,5,4,7,2,4,7,10,8,10,10,2,5,1165
3,6,4,4,3,9,10,2,2,6,9,8,6,11,1,8,1166
4,9,5,6,5,6,6,6,4,7,7,11,7,5,2,10,1167
4,8,7,6,9,9,5,2,2,8,4,8,10,6,2,6,1168
4,9,6,6,3,4,8,5,1,7,9,8,8,10,0,8,1169
4,4,6,3,3,8,11,2,2,6,9,8,7,11,0,7,1170
7,6,7,8,4,8,7,13,2,6,9,8,9,6,0,8,1171
10,10,10,8,7,6,10,5,3,8,6,6,10,12,4,4,1172
4,7,6,5,4,7,8,4,0,6,9,8,7,12,0,8,1173
5,7,6,6,6,8,6,5,4,7,5,8,7,9,6,3,1174
4,5,6,4,5,8,8,5,4,8,6,7,6,9,6,3,1175
5,8,8,6,3,7,7,5,2,7,8,8,9,9,0,8,1176
5,9,6,6,5,7,7,9,5,6,4,5,5,8,5,11,1177
4,7,7,5,5,9,12,2,2,6,8,8,8,13,1,7,1178
4,3,4,2,2,4,11,3,2,9,9,7,6,11,1,6,1179
3,3,4,2,2,8,6,6,3,6,7,8,6,6,1,7,1180
5,8,7,6,4,3,11,3,3,9,10,10,7,11,1,8,1181
5,5,6,8,4,8,7,12,2,6,9,8,9,6,0,8,1182
4,5,5,5,5,7,8,4,3,6,4,8,6,8,4,7,1183
1,0,2,0,0,8,8,3,0,7,8,8,4,10,0,8,1184
5,7,8,5,6,9,7,2,4,9,5,7,7,6,2,8,1185
6,9,6,5,4,3,9,2,3,9,10,8,8,11,1,5,1186
7,11,7,8,8,4,10,2,3,9,8,7,7,11,2,6,1187
3,5,4,3,3,7,9,5,5,7,6,6,5,9,2,6,1188
7,13,8,7,5,9,3,2,2,9,4,9,6,2,1,9,1189
5,6,7,6,6,6,9,4,3,6,5,9,8,7,5,9,1190
6,8,8,6,8,8,9,6,4,7,7,8,6,9,6,7,1191
1,0,2,1,0,7,7,11,0,5,6,8,4,8,0,8,1192
2,0,2,1,1,7,7,12,1,5,6,8,5,8,0,8,1193
7,11,6,6,3,9,11,5,4,4,6,10,6,10,2,6,1194
6,11,8,8,9,8,6,6,3,6,7,8,8,8,5,5,1195
4,2,5,4,4,8,6,6,4,7,7,8,7,5,2,7,1196
8,8,8,6,5,4,11,3,3,9,9,7,8,11,2,6,1197
4,8,6,6,7,7,8,5,3,7,8,8,5,8,3,8,1198
5,5,7,7,4,9,8,5,2,7,8,8,9,9,0,8,1199
4,7,5,5,4,7,6,7,5,6,4,7,3,7,3,7,1200
3,3,3,4,2,8,6,11,1,6,9,8,7,6,0,8,1201
4,9,4,6,4,8,7,12,1,6,6,7,6,8,0,9,1202
4,4,5,3,3,6,6,6,5,7,7,10,7,6,2,8,1203
4,2,6,4,4,8,11,2,2,6,9,8,9,13,1,7,1204
4,5,6,3,2,7,8,2,5,10,6,6,5,8,1,7,1205
6,12,7,6,5,8,8,3,3,6,9,7,10,10,3,6,1206
6,11,9,9,10,9,7,5,5,6,7,6,10,9,3,6,1207
8,11,8,8,9,6,10,4,3,9,6,6,11,10,4,5,1208
5,9,4,4,2,9,10,4,4,6,10,6,4,11,3,7,1209
5,7,8,5,5,8,6,2,5,9,6,8,8,6,2,8,1210
4,9,5,6,3,7,7,12,1,7,9,8,8,6,0,8,1211
8,10,8,8,8,6,11,3,3,9,7,7,10,12,4,5,1212
3,7,5,5,4,7,9,6,4,7,6,7,6,8,3,8,1213
8,12,7,6,3,5,9,4,6,4,4,11,5,10,2,7,1214
4,9,6,6,3,7,8,4,1,6,8,8,8,9,0,8,1215
6,8,9,6,10,6,8,4,3,7,4,8,14,3,4,7,1216
7,11,11,8,7,4,8,2,9,10,11,9,5,8,5,4,1217
4,4,5,3,3,7,6,6,5,6,7,7,8,6,3,7,1218
7,9,10,7,12,10,7,4,5,9,4,6,10,6,5,5,1219
7,10,9,9,9,8,9,4,4,7,4,7,9,6,7,6,1220
5,7,7,6,9,5,8,5,3,6,5,8,11,7,6,8,1221
8,10,10,5,3,4,10,5,4,14,11,9,5,9,0,8,1222
5,8,8,6,3,11,6,3,5,10,1,4,5,9,1,7,1223
2,3,3,2,2,7,9,6,4,8,6,7,4,8,1,7,1224
4,5,5,7,4,8,7,12,2,6,9,8,8,6,0,8,1225
6,10,6,8,4,7,7,12,2,7,9,8,9,6,0,8,1226
3,7,4,5,2,7,7,14,2,5,6,8,5,8,0,8,1227
3,8,5,6,4,9,10,2,2,6,8,8,7,11,1,8,1228
4,7,5,5,6,7,7,7,4,6,5,8,6,9,7,8,1229
4,9,6,6,4,8,9,9,6,8,5,5,3,7,3,7,1230
4,6,6,4,4,10,11,3,2,5,9,7,6,11,1,8,1231
7,7,10,5,7,5,7,3,5,10,10,10,11,8,4,8,1232
5,6,6,8,4,8,7,12,2,6,9,8,8,6,0,8,1233
7,9,10,7,7,3,7,4,5,10,11,11,10,6,4,7,1234
6,5,9,4,8,9,7,5,5,7,6,8,12,9,6,4,1235
1,0,1,0,0,7,7,10,0,6,6,8,4,8,0,8,1236
1,0,2,1,0,7,7,11,0,5,6,8,4,8,0,8,1237
5,7,7,5,6,6,8,3,4,8,7,9,6,9,5,5,1238
1,0,2,1,1,7,7,11,1,5,6,8,4,8,0,8,1239
3,8,5,6,8,7,5,6,2,7,6,8,8,12,3,10,1240
4,10,5,8,4,7,7,12,2,7,9,8,8,6,0,8,1241
6,9,9,7,4,6,8,3,5,10,8,8,6,8,1,7,1242
5,11,7,8,9,7,6,7,4,7,5,8,6,10,7,8,1243
6,9,8,8,10,8,7,4,3,7,6,7,10,8,6,5,1244
3,2,4,3,3,8,11,2,2,6,8,8,6,11,0,8,1245
4,8,6,6,4,5,8,5,1,8,10,8,6,11,0,8,1246
6,9,8,7,6,8,6,6,7,7,7,9,6,8,4,8,1247
6,10,9,8,8,7,7,2,4,9,7,8,8,6,2,8,1248
5,9,7,7,4,10,8,5,2,6,8,8,9,10,0,8,1249
4,7,8,5,8,10,4,2,1,9,4,9,8,6,2,6,1250
3,7,5,5,4,7,6,6,5,7,5,9,4,8,3,7,1251
6,8,8,6,4,4,10,4,4,11,11,10,5,8,1,7,1252
3,1,5,3,3,6,7,4,8,7,6,11,3,8,5,9,1253
5,9,8,7,4,9,7,3,5,10,3,5,6,9,1,7,1254
5,5,6,7,3,7,7,15,2,4,6,8,6,8,0,8,1255
4,8,6,6,3,8,8,4,1,7,8,8,8,9,0,8,1256
7,11,9,8,7,10,8,5,1,6,10,7,10,12,2,5,1257
4,6,7,4,3,9,9,2,5,11,3,5,6,9,2,7,1258
7,10,9,8,7,9,7,2,6,12,4,6,5,9,4,9,1259
4,6,5,4,4,4,10,3,2,9,8,7,6,11,1,7,1260
4,10,6,8,7,7,7,6,2,7,8,7,10,7,5,9,1261
4,9,5,7,5,7,7,13,1,7,6,8,5,8,0,7,1262
3,9,5,6,5,7,11,2,2,6,8,8,7,11,0,8,1263
4,4,7,3,4,7,7,3,4,9,8,9,9,7,2,9,1264
6,8,10,6,7,4,7,3,5,11,10,11,9,8,4,7,1265
3,4,5,3,2,7,9,2,5,10,6,6,5,9,1,7,1266
3,8,4,6,3,8,6,12,1,5,9,8,7,6,0,8,1267
5,10,7,8,8,7,9,6,4,8,8,7,10,9,4,10,1268
6,10,8,8,9,7,8,6,3,7,8,8,6,8,4,8,1269
2,3,2,1,1,6,9,6,3,8,7,8,4,9,1,7,1270
4,7,6,5,4,7,11,2,2,6,9,8,8,11,1,8,1271
6,13,4,7,4,6,7,6,3,10,7,9,5,9,5,8,1272
6,6,6,4,4,3,11,2,3,10,10,8,7,11,2,6,1273
5,8,7,6,6,9,7,6,5,6,7,4,10,7,4,5,1274
2,3,4,2,2,7,10,2,2,6,9,8,5,11,0,7,1275
3,7,4,5,3,7,7,11,1,7,9,8,8,5,0,8,1276
5,5,6,8,4,7,7,12,2,7,9,8,9,6,0,8,1277
5,8,7,6,6,8,7,2,4,9,5,7,7,6,2,8,1278
9,12,11,6,4,5,8,3,4,13,9,9,7,8,0,7,1279
6,11,9,9,7,7,7,8,5,7,5,6,3,7,3,8,1280
4,5,6,5,5,7,8,5,3,6,5,8,6,8,4,7,1281
5,9,7,6,4,8,8,7,6,7,6,4,6,9,2,6,1282
6,10,8,8,7,6,7,3,5,9,9,9,8,6,2,7,1283
6,10,9,8,5,10,8,3,6,10,2,4,5,9,1,7,1284
3,7,5,5,5,7,7,6,2,7,8,8,5,8,3,8,1285
4,10,6,7,5,6,10,5,3,7,7,9,5,9,1,8,1286
6,10,9,8,6,10,8,5,1,5,9,7,10,12,2,5,1287
3,5,6,4,3,6,9,2,4,10,7,7,5,8,1,8,1288
4,4,5,3,3,4,11,3,2,9,9,8,6,11,1,7,1289
6,9,9,7,11,6,5,4,2,6,4,9,14,6,4,6,1290
5,10,7,8,9,8,8,5,3,7,9,8,6,8,3,7,1291
4,6,6,4,8,9,7,5,2,7,6,8,9,11,2,7,1292
5,10,8,8,11,9,8,5,2,6,7,8,11,10,4,5,1293
5,6,7,4,5,12,5,3,4,9,2,6,7,6,2,8,1294
5,8,8,6,3,4,8,5,2,7,9,8,8,9,0,8,1295
5,7,7,5,3,8,8,5,1,7,8,8,8,9,0,8,1296
2,1,2,2,1,7,8,4,0,7,8,8,6,10,0,8,1297
7,11,9,8,10,7,10,7,5,7,7,9,8,10,7,12,1298
7,8,10,6,6,4,7,4,5,11,11,11,9,6,4,7,1299
4,9,6,7,4,6,8,4,2,7,8,8,8,10,0,8,1300
3,7,5,5,4,7,10,2,3,6,9,8,7,11,1,8,1301
2,0,3,1,1,7,8,4,0,7,8,8,7,9,0,8,1302
5,11,5,8,5,7,7,13,1,6,6,8,6,9,1,6,1303
3,6,3,4,3,8,7,11,1,6,6,8,5,9,0,6,1304
5,10,6,8,4,8,7,12,2,6,9,8,8,6,0,8,1305
7,10,9,8,6,6,9,2,4,9,8,8,7,7,2,7,1306
1,0,2,0,0,8,6,10,0,7,8,8,6,6,0,8,1307
7,10,10,7,4,6,8,3,5,10,8,8,6,7,1,7,1308
8,11,8,8,6,3,10,2,3,9,9,8,8,11,2,5,1309
5,4,5,7,3,7,7,15,2,4,6,8,6,8,0,8,1310
4,7,6,5,5,7,11,1,2,7,8,8,6,12,1,8,1311
11,11,10,6,4,6,11,2,3,7,10,6,8,12,1,7,1312
5,9,8,7,4,7,7,5,2,6,8,8,9,9,0,8,1313
5,6,6,8,4,7,7,12,2,7,9,8,9,6,0,8,1314
4,6,6,4,4,8,8,6,6,6,5,4,6,10,3,5,1315
4,5,6,3,3,7,11,2,2,7,9,8,8,11,0,8,1316
4,8,5,6,3,4,8,5,1,7,8,8,8,10,0,8,1317
4,9,5,6,6,7,6,6,2,7,7,8,6,8,4,8,1318
6,9,8,7,8,8,7,2,4,9,7,8,8,6,2,8,1319
5,9,7,6,4,4,10,3,4,9,10,9,5,8,1,8,1320
11,14,11,8,6,9,11,6,4,4,6,9,11,12,3,7,1321
6,9,6,7,4,4,7,5,7,10,9,14,4,9,5,5,1322
5,9,6,7,6,8,6,6,5,6,7,8,8,6,2,7,1323
9,15,6,8,5,5,7,7,4,10,7,10,5,9,5,8,1324
3,6,4,4,4,9,6,6,4,6,7,5,7,5,2,6,1325
8,11,12,8,6,7,9,2,5,9,6,6,6,9,1,8,1326
3,3,4,2,3,8,6,7,4,7,7,8,7,5,1,8,1327
8,11,8,6,5,5,8,2,4,8,9,7,10,10,2,5,1328
5,9,8,7,4,10,6,3,5,10,2,5,6,9,1,7,1329
4,10,4,7,3,7,7,14,2,4,6,8,6,8,0,8,1330
9,13,8,7,4,5,9,4,6,3,4,11,6,10,2,7,1331
3,3,4,1,2,8,6,6,4,6,7,8,6,5,2,7,1332
5,6,8,4,4,9,5,3,5,9,4,7,8,6,2,8,1333
4,10,6,7,4,7,9,6,5,7,6,7,6,8,2,6,1334
5,10,6,8,6,7,7,6,7,7,6,8,6,8,3,7,1335
4,3,5,5,3,8,7,12,1,6,9,8,8,6,0,8,1336
7,10,8,8,4,4,8,6,9,12,9,13,2,9,3,7,1337
5,8,8,6,3,3,9,4,4,11,11,10,5,8,1,7,1338
6,9,9,6,7,9,6,2,5,9,5,7,8,6,2,8,1339
6,6,8,8,4,11,8,5,2,6,9,8,8,9,0,8,1340
4,5,7,3,4,5,7,3,4,10,10,10,9,7,3,8,1341
3,6,5,4,3,5,10,4,6,10,9,5,2,9,3,5,1342
3,1,4,3,3,6,6,6,4,7,7,10,7,5,2,9,1343
6,11,9,8,6,7,9,2,4,9,6,7,6,8,1,8,1344
5,6,8,4,4,7,6,2,5,9,7,8,8,5,2,8,1345
4,1,5,3,3,9,6,6,4,6,7,5,8,6,2,6,1346
3,2,4,3,3,7,8,5,4,7,6,6,5,9,2,6,1347
5,10,6,7,5,9,8,6,5,6,5,4,6,10,3,5,1348
5,11,6,8,4,8,7,12,2,6,9,8,9,6,0,8,1349
4,7,5,5,3,7,7,12,1,7,9,8,8,6,0,8,1350
2,3,4,2,2,8,7,2,4,9,6,8,6,5,1,7,1351
4,5,5,8,3,7,7,14,2,4,6,8,6,8,0,8,1352
9,14,11,8,7,6,4,3,2,8,4,10,10,1,1,8,1353
7,10,9,8,10,6,8,3,4,8,7,8,8,10,7,4,1354
4,5,4,7,3,7,7,14,2,5,6,8,6,8,0,8,1355
8,10,10,6,5,9,3,3,2,9,3,10,8,1,2,9,1356
2,1,2,1,1,7,7,11,1,5,6,8,4,8,0,8,1357
7,11,10,8,12,8,7,4,5,7,6,6,8,10,10,5,1358
10,13,9,7,4,4,9,4,7,3,3,11,5,8,2,7,1359
3,2,4,3,3,7,8,5,5,7,6,6,6,9,2,5,1360
5,10,8,8,6,12,6,2,4,9,3,6,8,6,2,8,1361
7,11,7,8,6,3,10,2,3,10,10,8,8,10,2,6,1362
2,1,3,2,2,7,8,5,4,7,6,6,4,8,1,6,1363
4,4,5,6,3,8,7,12,1,6,9,8,8,6,0,8,1364
5,10,7,8,6,6,8,8,6,8,6,7,3,7,3,8,1365
2,3,4,2,2,8,9,3,4,10,4,5,5,9,1,7,1366
7,9,9,8,11,9,8,6,5,7,5,8,11,10,9,4,1367
3,6,6,4,6,9,4,2,2,8,4,8,8,6,2,7,1368
2,3,4,2,2,9,11,3,2,5,9,7,6,10,0,8,1369
3,3,4,1,2,3,11,3,2,10,10,8,5,11,0,7,1370
1,0,2,0,1,7,6,9,0,7,8,8,5,6,0,8,1371
3,4,6,3,3,7,6,3,4,9,7,8,7,5,1,8,1372
2,4,4,2,2,8,10,2,2,6,9,8,6,11,0,8,1373
8,11,7,6,4,1,9,3,2,11,12,9,7,10,0,6,1374
4,8,4,6,2,7,7,14,2,4,6,8,6,8,0,8,1375
11,15,9,8,4,7,10,5,5,4,5,11,6,11,2,6,1376
4,8,6,6,3,5,9,3,4,10,9,9,5,8,1,7,1377
5,10,7,7,4,6,8,5,2,7,8,8,9,9,0,8,1378
4,4,5,3,2,5,12,2,8,11,9,4,0,10,2,4,1379
4,2,5,4,3,6,10,2,3,7,9,8,7,11,0,8,1380
8,11,11,8,5,9,7,3,6,10,3,5,6,8,2,7,1381
4,10,6,7,1,9,11,3,2,5,13,8,1,11,0,8,1382
7,9,6,4,3,4,9,4,7,3,3,11,5,9,2,8,1383
5,7,7,6,8,5,7,5,4,6,5,8,11,7,5,9,1384
6,11,6,6,3,7,6,4,8,9,5,9,3,7,9,10,1385
3,9,5,6,2,6,5,3,1,6,1,8,2,7,2,7,1386
7,9,11,6,8,4,7,3,5,11,10,11,10,9,5,7,1387
5,9,8,7,8,8,7,6,5,6,7,8,8,6,2,8,1388
5,5,7,4,6,7,9,4,4,6,4,8,7,7,5,7,1389
5,7,7,6,8,5,8,5,4,6,5,9,11,9,4,8,1390
8,12,9,7,5,1,8,2,3,9,11,9,9,9,1,6,1391
4,7,6,5,4,5,11,2,3,8,9,9,7,11,1,8,1392
3,5,4,4,3,7,8,5,5,7,7,6,5,9,2,6,1393
3,3,6,2,3,8,5,3,4,10,7,9,7,5,2,8,1394
6,9,6,6,5,2,11,2,3,10,10,8,5,11,1,7,1395
8,13,10,7,4,5,9,4,4,13,10,9,6,9,0,9,1396
4,2,5,3,4,9,6,6,4,6,7,6,9,6,3,6,1397
3,3,5,2,2,7,9,3,4,10,6,6,5,9,1,7,1398
5,7,9,5,10,9,7,3,3,8,4,7,11,6,3,5,1399
6,10,8,8,4,7,7,4,2,7,8,8,9,9,0,8,1400
11,12,10,6,4,4,10,2,3,9,11,8,9,12,1,6,1401
5,5,8,4,4,10,5,3,5,9,3,7,10,7,3,9,1402
3,7,4,5,3,7,6,11,1,8,9,8,7,6,0,8,1403
4,7,4,5,2,7,7,14,2,5,6,8,6,8,0,8,1404
5,7,8,5,3,7,8,3,5,10,7,7,5,7,1,8,1405
5,9,7,7,4,7,9,6,5,7,7,7,6,8,2,7,1406
6,8,8,7,8,7,7,5,4,7,5,8,8,8,6,6,1407
3,2,5,3,3,7,6,6,5,6,7,7,8,6,2,7,1408
8,10,8,5,4,1,9,3,3,11,12,9,8,10,1,6,1409
2,1,3,1,2,6,6,6,4,7,7,10,6,5,2,9,1410
5,9,8,7,7,12,6,2,4,9,2,6,8,6,2,8,1411
6,9,7,4,3,8,10,4,5,5,5,8,8,8,2,7,1412
5,10,7,5,4,12,2,2,2,10,3,9,5,4,1,9,1413
4,4,5,3,2,5,8,5,7,10,9,8,3,9,2,5,1414
5,9,8,7,7,7,12,2,2,6,8,8,7,12,1,8,1415
4,6,6,4,3,9,8,4,1,7,8,8,8,9,0,8,1416
10,9,10,4,4,7,11,5,5,4,5,10,10,12,2,7,1417
6,5,7,8,4,8,7,13,2,6,9,8,9,6,0,8,1418
3,1,5,3,3,7,11,2,2,7,9,8,7,11,0,8,1419
3,3,4,5,3,7,7,12,1,8,9,8,8,6,0,8,1420
5,6,5,4,4,2,11,2,3,10,10,8,5,11,1,7,1421
4,3,5,2,2,5,11,3,2,9,9,7,6,11,1,6,1422
4,7,4,5,3,8,7,12,1,6,6,8,5,8,0,9,1423
3,5,5,3,3,5,11,2,2,8,9,9,6,10,0,8,1424
2,0,3,1,1,7,8,4,0,7,8,8,7,9,0,8,1425
4,8,5,6,2,7,7,14,2,4,6,8,6,8,0,8,1426
4,7,6,5,6,6,6,5,5,7,7,11,10,5,2,9,1427
6,10,8,8,7,6,7,9,5,6,4,6,5,7,4,10,1428
6,9,6,7,7,4,9,2,3,9,8,8,7,11,2,7,1429
6,10,9,8,4,3,9,4,4,11,11,10,6,7,1,8,1430
8,9,12,8,13,7,7,5,5,7,5,8,10,9,9,7,1431
4,7,5,5,4,7,7,7,5,8,6,6,3,7,3,8,1432
6,8,8,6,4,10,8,3,6,10,2,4,5,9,1,7,1433
6,10,8,5,3,12,4,5,3,13,1,7,5,7,0,8,1434
7,10,7,8,7,4,11,2,2,9,8,7,7,12,2,6,1435
9,12,9,7,4,6,10,1,3,7,10,7,8,12,1,6,1436
3,5,5,3,2,5,9,2,4,11,8,8,5,8,0,7,1437
3,9,4,6,2,7,7,14,2,5,6,8,6,8,0,8,1438
6,10,9,7,5,10,7,3,5,10,3,5,6,9,1,7,1439
3,2,4,3,3,8,6,5,4,7,7,8,7,5,2,7,1440
6,9,8,5,3,8,7,3,4,13,4,8,5,8,0,7,1441
2,4,4,2,2,8,8,2,4,10,4,6,5,10,1,7,1442
8,12,8,6,5,2,9,2,3,9,11,9,8,11,1,5,1443
5,9,7,7,6,5,11,2,2,7,8,9,7,12,1,8,1444
7,10,9,8,7,7,7,8,6,7,5,6,4,8,4,8,1445
5,6,5,4,4,4,10,3,2,9,9,7,7,11,2,6,1446
3,4,5,6,3,6,8,4,1,7,8,8,8,10,0,8,1447
4,4,6,3,4,6,6,3,4,10,9,9,7,6,2,9,1448
7,8,10,6,7,11,6,2,5,9,3,6,9,8,2,9,1449
3,4,6,3,3,7,6,3,4,9,7,8,7,5,1,8,1450
4,11,5,8,5,7,7,13,1,6,6,8,6,9,1,6,1451
2,3,4,2,1,8,7,2,6,10,6,8,1,9,5,8,1452
4,6,7,4,3,9,7,2,8,11,3,7,3,8,4,9,1453
7,10,10,8,9,11,6,2,5,9,4,6,10,7,2,8,1454
1,3,3,1,1,6,4,1,7,8,3,10,0,7,2,9,1455
3,2,5,3,3,8,11,3,2,6,9,8,7,11,0,8,1456
10,14,7,8,4,6,8,5,4,7,4,6,5,9,5,7,1457
4,9,6,7,9,8,7,5,1,7,6,8,10,11,3,9,1458
6,9,7,7,6,8,5,11,0,7,9,8,12,4,4,8,1459
5,11,8,8,6,4,11,2,3,8,9,9,9,11,2,7,1460
1,0,2,1,0,7,7,11,0,5,6,8,4,8,0,8,1461
8,12,9,6,5,3,8,5,6,4,2,11,8,8,2,8,1462
4,7,5,5,3,7,7,8,6,7,6,8,3,8,3,8,1463
5,8,8,6,4,4,10,4,4,10,11,9,6,8,1,7,1464
9,12,9,7,6,8,8,4,4,6,9,6,11,8,3,6,1465
4,6,4,4,2,7,7,14,1,5,6,8,6,8,0,8,1466
5,10,4,5,3,7,8,4,3,10,5,9,4,9,7,10,1467
4,3,5,5,3,7,7,12,1,7,9,8,8,6,0,8,1468
8,10,8,6,5,4,9,5,4,4,3,12,9,10,2,8,1469
5,9,7,7,5,7,9,6,5,7,6,7,6,9,2,6,1470
3,6,4,4,3,6,9,6,4,7,6,8,5,9,1,7,1471
5,7,7,5,4,10,8,4,6,10,1,4,5,9,1,7,1472
5,9,6,7,8,7,9,5,3,7,9,8,6,8,3,8,1473
8,9,11,7,9,6,8,3,4,9,9,9,9,8,3,8,1474
4,6,6,4,2,5,8,4,1,7,9,8,8,9,0,8,1475
4,8,7,6,6,7,11,2,2,6,8,8,7,12,1,8,1476
5,5,6,4,5,7,9,5,4,7,4,8,6,9,4,6,1477
3,4,4,3,3,7,6,6,4,7,7,10,6,5,1,9,1478
5,10,5,8,5,7,7,13,1,6,6,8,6,9,0,6,1479
3,3,5,4,2,9,8,4,1,7,8,8,8,9,0,8,1480
4,5,5,4,4,4,10,3,2,9,8,7,6,11,1,7,1481
1,0,2,0,0,7,7,11,0,5,6,8,4,8,0,8,1482
3,2,4,3,3,8,6,5,3,7,7,9,9,5,1,8,1483
4,10,6,7,5,7,8,10,5,8,5,5,4,8,4,10,1484
5,6,8,4,5,7,6,2,5,9,7,8,8,6,2,8,1485
5,9,5,4,2,9,11,5,3,5,6,9,5,11,2,6,1486
4,9,5,7,3,7,7,15,2,4,6,8,6,8,0,8,1487
5,9,7,7,7,7,5,6,2,7,7,8,7,7,6,12,1488
5,8,8,6,11,7,7,7,2,7,6,8,15,12,4,11,1489
4,9,5,7,6,7,6,10,1,7,8,8,8,5,0,8,1490
6,7,6,5,5,6,11,4,2,8,7,6,9,12,4,5,1491
3,4,4,3,3,6,10,5,2,9,7,6,5,11,2,6,1492
6,7,8,5,4,11,7,3,6,10,1,4,5,9,1,7,1493
3,5,5,3,2,9,7,3,5,10,3,5,5,9,1,7,1494
7,7,7,5,4,2,10,3,3,11,11,8,7,10,2,6,1495
2,0,2,1,1,7,6,10,0,7,8,8,6,6,0,8,1496
6,10,8,8,9,7,10,6,4,7,7,8,6,8,6,8,1497
5,10,8,8,7,4,11,2,2,9,9,9,8,12,2,8,1498
10,15,11,8,5,7,7,2,4,13,7,8,6,8,0,7,1499
6,5,7,4,4,6,10,4,3,8,7,7,9,11,3,5,1500
3,3,5,2,3,7,6,3,4,9,7,8,7,5,1,8,1501
5,7,5,5,5,4,9,2,3,9,8,8,6,11,2,6,1502
3,3,4,4,2,7,6,11,1,8,9,8,7,6,0,8,1503
6,8,6,6,4,3,10,3,3,11,10,8,7,10,2,7,1504
8,11,11,8,5,6,9,3,5,10,8,8,6,8,1,7,1505
11,15,12,9,8,7,8,3,4,7,9,7,12,9,3,5,1506
2,1,3,3,3,8,6,6,4,7,7,8,6,5,2,8,1507
5,10,5,8,4,8,7,12,2,6,9,8,8,6,0,8,1508
4,8,6,6,7,7,8,6,4,7,5,8,6,9,7,7,1509
4,6,7,4,5,4,7,3,4,11,10,10,5,7,2,6,1510
4,3,4,5,3,7,7,12,1,7,9,8,8,6,0,8,1511
1,1,3,2,1,8,2,2,2,8,2,8,1,6,2,7,1512
6,10,9,8,9,7,6,5,5,7,7,11,14,6,2,9,1513
3,5,5,4,2,7,8,2,4,10,6,6,5,9,0,7,1514
6,11,6,6,4,4,9,1,3,9,9,8,8,12,1,6,1515
4,5,5,8,3,7,7,14,2,4,6,8,6,8,0,8,1516
1,0,2,1,1,8,8,4,0,7,8,8,6,10,0,8,1517
6,9,8,8,9,7,8,4,4,7,5,7,7,9,6,7,1518
5,11,6,9,4,7,7,12,2,7,9,8,9,6,0,8,1519
5,9,6,7,4,7,9,5,5,7,6,7,6,9,2,6,1520
1,3,3,2,1,6,8,3,3,10,7,8,4,8,0,7,1521
2,9,4,7,2,7,13,0,5,7,10,8,0,8,0,8,1522
7,11,6,6,3,5,9,4,6,4,4,10,6,10,2,8,1523
6,11,9,8,10,7,10,6,4,7,7,8,6,8,6,8,1524
10,15,9,8,4,8,10,5,4,4,6,10,6,11,3,6,1525
5,9,8,6,6,7,10,2,3,7,9,8,8,11,1,8,1526
6,10,8,8,6,4,10,2,3,9,9,9,6,7,1,7,1527
4,7,6,5,4,7,9,6,5,7,6,6,6,9,1,6,1528
8,15,10,9,5,4,9,4,4,13,11,9,6,9,0,9,1529
6,9,9,8,11,10,7,5,5,7,5,8,10,11,9,4,1530
3,8,4,6,4,7,7,12,1,6,6,8,5,8,0,8,1531
6,9,5,5,2,5,9,3,3,10,9,5,3,10,3,4,1532
1,1,2,1,1,7,8,5,3,7,7,7,4,8,1,6,1533
6,10,6,7,6,3,11,2,2,10,9,8,6,11,2,7,1534
8,12,8,6,4,3,10,4,7,12,11,9,3,7,3,4,1535
7,8,9,7,11,7,8,5,5,6,5,8,10,10,9,7,1536
8,11,11,8,5,7,8,3,5,10,6,7,7,7,2,7,1537
3,2,5,3,3,8,11,2,2,7,9,8,6,11,0,7,1538
5,6,7,6,8,6,8,6,5,6,6,8,7,8,8,10,1539
6,7,8,5,3,8,8,3,5,10,5,6,6,9,1,7,1540
5,5,6,8,4,7,7,12,2,7,9,8,8,6,0,8,1541
3,6,4,4,2,4,14,8,1,11,6,3,0,10,4,8,1542
5,5,8,4,5,8,6,3,5,9,7,8,9,6,2,8,1543
1,3,2,1,1,7,8,5,3,7,7,7,4,8,1,6,1544
4,8,6,7,5,8,8,7,5,6,7,9,3,8,4,9,1545
4,8,6,6,5,8,8,5,5,6,6,5,6,10,2,5,1546
2,1,3,3,2,7,8,5,4,8,7,8,4,8,1,7,1547
5,10,6,8,4,7,7,12,2,7,9,8,9,6,0,8,1548
2,0,2,1,1,7,6,10,0,7,8,8,6,6,0,8,1549
6,9,9,8,8,7,9,4,4,7,4,7,9,7,6,6,1550
5,7,7,6,9,6,8,6,5,6,6,8,8,9,8,8,1551
3,7,4,5,2,7,7,14,2,5,6,8,5,8,0,8,1552
6,4,6,7,4,7,7,13,2,7,9,8,9,6,0,8,1553
7,8,7,6,6,6,11,5,2,9,6,6,8,13,4,4,1554
6,9,8,7,7,6,7,8,6,7,5,6,3,8,3,8,1555
5,8,7,6,5,8,6,6,6,6,7,6,9,7,3,6,1556
2,2,3,3,2,7,9,5,4,7,6,6,4,9,1,6,1557
2,1,3,2,1,8,8,4,0,7,8,8,6,10,0,8,1558
4,4,5,3,2,4,10,3,2,9,9,7,6,11,1,7,1559
6,8,9,6,4,8,8,3,5,10,5,6,6,9,2,7,1560
3,6,3,4,3,8,7,11,1,6,6,8,5,9,0,6,1561
11,13,11,7,5,10,11,6,3,4,10,7,10,12,1,6,1562
8,10,11,8,9,9,6,2,5,9,4,7,11,9,3,8,1563
4,7,6,5,3,7,8,5,1,7,8,8,8,9,0,8,1564
2,3,3,2,1,7,7,5,5,10,7,10,2,9,4,10,1565
1,0,2,0,1,7,6,9,0,7,8,8,6,6,0,8,1566
6,9,6,4,3,1,10,3,3,12,11,9,6,11,0,6,1567
2,0,2,1,1,7,6,10,0,7,8,8,6,6,0,8,1568
4,6,6,4,3,7,8,3,4,10,6,7,5,8,0,7,1569
4,5,7,3,4,9,6,3,5,9,4,7,10,6,2,8,1570
2,2,4,4,2,10,6,2,6,12,4,8,1,6,1,7,1571
5,10,6,8,4,7,7,12,2,8,9,8,8,6,0,8,1572
4,6,4,4,2,7,7,14,1,5,6,8,6,8,0,8,1573
2,5,3,3,2,7,8,5,4,7,6,6,5,9,1,6,1574
6,11,9,9,5,12,7,4,5,10,0,4,6,8,2,8,1575
4,5,7,4,3,6,10,3,5,10,8,7,5,8,1,7,1576
3,6,5,4,3,7,8,6,5,7,7,6,5,9,1,6,1577
2,11,3,8,2,15,4,4,5,13,1,8,0,7,0,8,1578
12,14,12,8,7,4,8,2,4,8,10,8,10,11,2,5,1579
3,2,4,4,3,7,9,5,5,7,6,6,5,9,2,6,1580
5,6,5,4,4,4,10,3,2,9,9,7,6,11,2,6,1581
2,4,3,3,2,7,8,5,4,7,6,6,4,8,1,6,1582
6,8,6,6,4,2,10,3,3,11,11,9,7,10,1,6,1583
1,0,2,1,0,7,7,11,0,5,6,8,4,8,0,8,1584
6,11,8,8,8,8,6,5,5,6,7,8,8,6,2,7,1585
5,9,8,7,10,7,6,4,2,7,4,8,13,6,3,7,1586
6,9,8,6,9,7,8,6,5,7,5,8,8,9,8,6,1587
9,15,8,8,4,8,10,5,4,5,6,10,7,12,2,6,1588
5,7,7,5,4,5,8,5,1,8,10,9,8,11,0,8,1589
3,1,3,2,1,8,8,4,0,7,8,8,7,10,0,8,1590
5,9,6,7,6,7,5,11,1,7,9,8,9,5,2,8,1591
2,8,3,6,2,8,8,6,9,5,6,7,0,8,9,8,1592
6,7,8,6,7,7,8,5,4,7,5,7,7,9,6,3,1593
3,5,6,4,3,7,9,2,5,10,6,6,5,9,1,7,1594
4,3,4,4,2,7,7,12,1,7,9,8,8,6,0,8,1595
5,6,8,4,5,8,6,2,5,9,6,8,7,5,2,8,1596
3,6,4,4,4,8,5,10,0,6,8,8,6,5,0,8,1597
5,7,7,5,6,7,6,6,5,7,7,11,10,6,2,9,1598
7,7,7,5,6,4,11,2,2,10,9,7,7,11,2,6,1599
4,9,7,6,5,8,10,2,3,6,9,8,7,11,1,8,1600
5,10,8,7,12,7,7,6,2,7,7,8,13,12,4,10,1601
7,7,9,6,10,7,7,5,5,7,6,8,9,9,9,8,1602
5,10,6,8,4,8,7,13,2,6,9,8,8,6,0,8,1603
5,10,7,7,5,8,8,6,5,6,6,5,6,9,2,6,1604
3,4,4,3,2,9,10,3,2,5,9,7,6,11,0,8,1605
2,3,4,2,1,9,7,3,4,10,3,6,5,9,0,7,1606
3,4,5,3,3,7,11,2,2,7,9,8,7,11,1,8,1607
5,10,8,8,6,6,6,3,4,9,9,9,8,5,2,7,1608
5,5,8,3,4,10,6,3,5,9,5,7,10,6,2,8,1609
6,10,7,8,4,7,7,13,2,8,9,8,9,6,0,8,1610
4,8,6,6,9,9,7,5,1,7,6,8,10,11,2,7,1611
5,5,6,4,4,8,6,6,5,6,7,8,10,6,4,6,1612
5,9,8,7,5,10,7,3,5,10,2,5,6,9,1,7,1613
4,7,6,5,3,4,8,5,1,7,9,8,8,9,0,8,1614
5,10,7,8,10,8,8,7,4,7,6,8,8,9,9,4,1615
6,7,6,5,4,7,11,4,2,8,7,6,7,12,3,6,1616
2,1,3,2,2,8,10,2,2,6,9,8,5,11,0,8,1617
5,5,5,7,3,7,7,15,2,4,6,8,6,8,0,8,1618
8,8,8,6,5,4,11,3,3,9,9,7,8,11,2,6,1619
4,4,6,3,4,5,6,4,4,10,10,10,6,5,2,7,1620
3,3,5,2,3,8,6,6,4,7,7,8,7,5,2,7,1621
8,11,12,8,8,5,7,3,5,10,10,10,12,6,4,8,1622
5,6,8,4,5,9,6,3,5,9,5,7,8,6,2,8,1623
6,5,9,8,4,11,8,5,2,6,9,8,9,9,0,8,1624
6,10,9,8,8,8,7,2,4,9,7,8,8,6,2,8,1625
5,4,5,6,2,7,7,15,2,4,6,8,6,8,0,8,1626
8,10,11,7,9,5,7,3,5,9,9,9,9,7,3,8,1627
3,4,4,3,2,7,11,2,2,6,9,8,6,11,0,8,1628
6,9,9,6,10,10,3,3,2,9,4,8,11,5,3,7,1629
1,0,2,0,1,7,6,9,0,7,8,8,5,6,0,8,1630
2,0,3,1,1,8,6,10,0,7,9,8,7,6,0,8,1631
9,10,13,9,15,8,7,5,5,7,6,8,12,10,10,4,1632
5,8,7,6,5,8,8,4,1,7,9,8,7,11,0,8,1633
6,9,8,7,4,6,8,3,4,10,8,8,5,8,1,7,1634
6,9,8,7,4,6,8,5,2,7,8,8,9,9,0,8,1635
6,10,8,8,5,7,8,6,6,7,7,6,6,9,2,6,1636
7,11,9,8,11,7,8,6,4,7,6,8,8,10,9,11,1637
5,7,5,5,4,7,5,11,0,8,8,8,8,5,1,10,1638
4,4,4,6,2,7,7,14,2,4,6,8,6,8,0,8,1639
2,0,2,1,1,7,8,3,0,7,8,8,6,9,0,8,1640
5,8,8,6,5,7,8,4,1,7,9,8,7,11,0,8,1641
1,5,1,4,1,8,7,1,7,7,6,7,0,8,3,7,1642
3,2,4,3,3,6,11,2,2,7,9,9,6,11,1,8,1643
8,13,10,8,5,5,8,2,4,12,7,9,6,8,0,7,1644
3,9,4,6,1,7,7,4,4,7,6,8,3,8,4,8,1645
4,9,5,7,4,8,7,13,1,6,6,8,5,9,0,8,1646
6,5,8,4,7,9,8,5,4,7,6,7,9,8,5,3,1647
4,6,5,4,2,8,7,12,1,6,9,8,8,6,0,8,1648
4,2,5,4,4,8,6,6,4,7,7,8,7,5,2,8,1649
4,4,6,3,4,8,6,2,4,9,6,8,7,5,2,8,1650
6,9,8,5,4,9,3,3,2,9,3,9,8,2,1,9,1651
7,9,10,7,8,12,5,3,5,9,2,5,10,5,2,8,1652
3,9,5,6,3,7,9,1,6,6,11,8,2,11,2,7,1653
6,9,6,6,6,5,10,3,3,9,7,7,6,11,2,7,1654
4,8,5,6,4,7,7,12,1,6,6,8,5,8,0,8,1655
4,3,5,2,2,4,11,3,2,10,9,7,6,11,1,7,1656
3,1,3,2,1,7,8,4,1,7,8,8,7,10,0,8,1657
5,10,8,7,7,9,6,2,4,8,5,7,7,6,2,8,1658
5,10,7,8,8,9,7,6,5,6,7,5,8,7,3,5,1659
6,9,9,6,7,9,6,2,5,9,5,7,8,6,2,8,1660
3,1,3,1,1,8,6,11,0,7,9,8,7,6,0,8,1661
7,11,10,8,11,7,7,5,5,6,7,9,8,6,2,8,1662
4,4,7,3,3,7,7,3,5,9,7,8,9,7,2,7,1663
6,7,8,5,3,5,9,3,5,11,9,9,6,8,1,8,1664
3,8,4,6,3,7,7,11,1,7,9,8,8,5,0,8,1665
4,5,5,4,4,8,4,4,4,9,4,10,3,6,6,6,1666
5,11,7,8,9,8,7,6,3,5,8,8,9,8,6,2,1667
3,4,5,3,3,8,6,3,4,9,6,8,6,5,2,8,1668
2,1,3,3,2,7,9,5,4,7,6,6,4,8,1,6,1669
6,9,6,4,3,2,8,2,3,9,11,9,7,9,1,6,1670
3,4,5,3,2,7,9,3,5,10,7,7,5,8,1,8,1671
5,7,5,5,5,6,10,4,2,9,7,7,6,11,2,6,1672
5,9,6,7,4,7,7,12,2,7,9,8,9,6,0,8,1673
6,10,9,8,4,8,8,3,5,10,4,6,6,9,1,6,1674
6,10,8,8,9,8,7,7,5,6,5,8,10,8,10,12,1675
3,4,5,3,2,7,9,3,4,10,6,6,5,9,0,7,1676
8,9,11,6,9,8,6,2,5,9,7,8,8,6,2,8,1677
7,9,9,6,8,6,7,2,4,9,8,9,8,6,2,8,1678
6,8,9,6,9,10,6,3,3,9,4,7,9,8,3,6,1679
4,7,6,5,8,11,7,3,4,8,4,7,5,5,2,6,1680
4,7,6,5,4,6,11,2,3,7,9,9,8,11,1,8,1681
3,7,4,5,3,7,7,11,1,7,9,8,8,5,0,8,1682
2,1,2,2,1,7,8,5,4,7,6,6,5,9,1,5,1683
6,9,8,7,6,8,8,4,1,7,9,8,8,10,0,8,1684
3,8,4,6,2,7,7,14,2,5,6,8,6,8,0,8,1685
4,5,5,4,3,7,9,5,5,7,7,6,5,9,2,5,1686
6,11,9,8,11,7,8,6,4,7,6,8,6,9,9,8,1687
3,3,4,5,2,7,7,14,2,5,6,8,6,8,0,8,1688
6,11,7,8,6,8,7,13,1,6,6,7,7,7,1,10,1689
10,11,10,8,7,5,11,3,3,9,8,7,8,11,3,5,1690
2,4,2,2,2,7,8,5,4,7,6,6,5,9,1,5,1691
4,2,6,4,4,8,11,3,2,6,9,8,8,12,1,7,1692
15,15,15,8,7,9,11,6,4,4,6,10,11,13,2,6,1693
2,0,2,1,1,7,8,3,0,7,8,8,6,10,0,8,1694
5,2,6,4,4,8,6,7,5,7,7,8,8,6,2,7,1695
2,3,4,2,2,7,11,2,2,7,9,8,5,11,0,8,1696
4,9,7,6,5,7,8,4,1,7,9,8,7,11,0,8,1697
6,10,6,7,7,4,10,2,3,9,8,8,7,11,2,7,1698
6,9,9,7,6,10,5,3,5,9,3,6,8,6,2,9,1699
8,8,11,7,12,7,6,5,5,7,5,8,10,9,8,9,1700
3,8,5,6,3,6,11,4,6,11,9,4,2,10,3,5,1701
6,7,9,6,10,7,8,5,5,7,5,8,10,10,8,8,1702
3,6,3,4,2,8,6,11,1,6,9,8,7,6,0,8,1703
9,10,8,7,8,4,11,3,2,9,8,7,7,12,3,6,1704
5,5,7,4,6,9,8,4,5,6,6,7,8,6,6,5,1705
9,12,11,7,5,13,2,5,2,12,1,9,7,3,1,9,1706
3,8,5,6,5,11,11,2,2,5,8,7,7,12,1,7,1707
5,9,7,7,7,10,11,2,2,6,8,7,9,13,2,8,1708
7,8,7,6,7,4,10,2,3,9,8,8,7,12,2,6,1709
5,7,7,5,4,10,8,3,5,10,2,4,5,9,1,7,1710
1,0,1,1,0,7,7,10,0,6,6,8,4,8,0,8,1711
2,3,4,2,3,7,6,3,3,9,7,8,6,5,1,8,1712
4,4,6,3,3,7,6,3,4,10,8,9,9,5,3,9,1713
5,6,7,4,3,7,8,3,5,10,6,7,5,8,1,7,1714
4,9,6,6,3,6,8,4,2,7,8,8,8,10,0,8,1715
6,10,9,8,8,11,6,2,4,9,4,6,9,6,2,8,1716
5,11,8,8,12,9,5,2,1,8,4,8,11,7,3,6,1717
4,8,6,6,5,8,6,2,4,9,6,8,7,6,2,8,1718
2,1,3,2,1,7,7,13,1,5,6,8,5,8,0,8,1719
5,8,7,6,3,5,8,5,1,7,8,8,8,9,0,8,1720
9,12,11,6,6,6,3,3,2,7,4,11,10,1,2,8,1721
2,1,4,3,2,9,10,3,2,6,9,7,5,11,0,8,1722
5,10,6,8,6,7,7,13,1,6,6,8,5,8,0,8,1723
4,3,5,5,3,8,8,4,1,6,8,8,8,9,0,8,1724
5,2,6,3,4,7,6,7,5,7,8,10,8,5,2,9,1725
4,6,7,4,4,6,6,3,4,9,9,9,9,6,3,9,1726
5,2,7,4,5,8,6,6,5,6,7,7,10,6,3,6,1727
3,7,5,5,4,7,7,8,5,7,5,7,3,7,3,8,1728
6,10,6,8,6,2,11,2,2,10,9,7,6,11,2,6,1729
3,2,4,3,3,5,10,2,2,8,9,9,6,11,0,8,1730
4,8,6,6,4,7,8,7,7,10,6,5,3,8,4,7,1731
3,5,5,4,3,7,9,2,4,10,6,6,5,9,1,7,1732
11,13,9,7,4,5,9,5,6,3,3,12,6,11,2,7,1733
1,0,1,0,0,8,8,3,0,7,8,8,3,9,0,8,1734
3,2,4,3,2,7,8,5,4,8,7,7,5,8,3,6,1735
3,4,5,3,3,7,6,3,4,9,7,8,7,5,1,8,1736
3,8,3,6,3,7,7,12,1,6,6,8,5,8,0,8,1737
1,0,2,1,1,7,7,11,1,5,6,8,4,8,0,8,1738
3,3,4,2,2,7,8,6,4,7,7,6,5,9,2,6,1739
4,6,7,4,8,6,5,4,2,6,4,8,12,6,3,7,1740
1,0,2,0,1,8,6,9,0,6,8,8,5,6,0,8,1741
3,4,5,3,3,6,11,3,2,7,9,8,7,11,0,8,1742
5,9,5,5,2,5,8,4,6,4,4,9,4,7,2,8,1743
9,13,7,7,3,5,9,4,6,3,4,11,6,10,2,7,1744
5,8,7,6,7,8,6,6,5,7,7,10,11,6,2,9,1745
5,9,6,7,6,7,5,11,1,7,9,8,9,5,2,9,1746
5,5,6,8,4,8,7,12,2,6,9,8,8,6,0,8,1747
4,8,5,6,5,7,5,10,0,7,8,8,8,5,2,10,1748
3,1,4,2,3,8,6,6,4,6,7,8,7,5,2,8,1749
5,9,7,6,4,7,9,6,5,7,6,7,7,9,3,7,1750
3,3,5,1,1,8,8,3,5,11,5,6,5,9,0,6,1751
4,7,6,5,3,11,6,4,5,10,1,5,5,9,1,7,1752
4,6,6,4,3,10,7,3,5,10,2,5,5,9,1,8,1753
7,9,6,5,2,5,9,4,6,3,3,10,5,9,2,7,1754
2,5,4,4,2,7,9,2,4,10,6,7,5,8,1,7,1755
1,0,2,0,1,7,8,3,0,7,8,8,5,10,0,8,1756
5,9,7,6,5,8,8,6,6,6,6,4,8,10,5,6,1757
12,12,11,7,5,6,11,2,3,7,11,7,9,12,1,7,1758
6,9,6,6,5,4,10,2,3,9,8,7,7,11,2,6,1759
6,11,8,8,5,7,8,6,6,7,7,5,7,10,3,4,1760
5,8,7,6,4,9,7,6,6,6,6,4,6,9,2,5,1761
4,11,6,8,5,6,9,6,5,7,7,8,6,9,1,7,1762
3,1,3,2,1,7,8,4,1,7,8,8,7,10,0,8,1763
3,3,4,2,2,7,6,6,4,6,7,8,6,5,2,8,1764
3,2,4,4,3,7,8,5,5,7,7,6,5,9,2,5,1765
5,9,7,7,3,8,8,4,2,7,8,8,8,9,0,8,1766
4,5,7,3,4,8,7,3,4,9,6,7,8,6,2,7,1767
5,10,5,7,5,7,7,13,1,6,6,8,6,9,1,6,1768
3,6,5,4,4,11,5,3,4,9,3,6,7,6,2,8,1769
1,0,2,1,0,7,7,11,0,5,6,8,4,8,0,8,1770
6,9,8,7,9,7,7,3,5,8,6,7,6,9,7,5,1771
4,7,4,5,2,7,7,14,2,5,6,8,6,8,0,8,1772
6,5,8,8,4,5,8,5,2,7,8,8,9,9,0,8,1773
2,1,3,2,2,7,8,5,4,7,7,6,5,9,2,6,1774
6,11,6,8,3,7,7,15,2,4,6,8,6,8,0,8,1775
10,15,12,8,5,10,6,4,4,13,2,7,7,7,0,6,1776
4,5,5,3,3,4,10,2,2,10,9,8,6,11,1,7,1777
7,9,8,4,3,10,6,3,4,13,3,7,6,8,0,8,1778
8,10,8,8,7,2,12,2,2,10,9,8,6,12,2,6,1779
4,9,6,6,7,7,8,6,4,7,6,8,6,9,7,6,1780
3,4,5,3,2,7,9,2,4,10,6,7,5,8,0,7,1781
5,9,7,7,4,5,9,3,4,10,8,8,5,8,1,7,1782
3,3,5,2,2,5,10,3,4,10,8,7,5,8,1,8,1783
5,9,7,7,11,10,7,5,2,7,7,8,13,10,3,6,1784
3,8,4,6,2,7,7,14,2,5,6,8,5,8,0,8,1785
1,0,2,0,0,7,8,4,0,7,8,8,5,9,0,8,1786
4,10,7,8,6,7,10,2,3,6,9,8,8,11,1,8,1787
8,12,9,6,4,10,5,3,4,13,2,7,5,7,0,7,1788
5,11,9,8,12,10,6,3,3,8,4,7,11,6,5,4,1789
6,8,8,6,4,9,9,3,5,10,3,5,5,9,1,7,1790
5,8,7,6,5,7,9,5,5,7,6,6,7,8,3,7,1791
5,9,7,7,8,8,8,6,3,6,8,8,6,7,4,7,1792
2,2,3,3,2,8,8,6,1,5,6,9,2,9,5,10,1793
2,1,2,2,1,7,8,4,0,7,8,8,6,10,0,8,1794
8,12,9,7,4,8,6,2,4,13,5,8,6,8,0,7,1795
6,11,7,8,6,7,7,13,1,6,6,8,6,8,0,8,1796
5,8,8,6,11,8,7,5,2,7,6,8,13,11,3,9,1797
11,12,11,7,6,6,9,5,4,4,4,11,11,14,3,8,1798
3,5,3,3,2,7,8,5,5,7,6,6,5,10,2,5,1799
6,9,9,7,6,8,8,4,1,7,9,8,7,11,0,8,1800
4,9,5,7,5,7,7,13,1,7,6,8,5,8,0,7,1801
4,1,5,2,3,8,6,6,4,7,7,8,8,6,3,6,1802
2,1,2,1,1,8,6,10,0,6,9,8,6,6,0,8,1803
3,5,4,7,3,7,7,14,2,5,6,8,6,8,0,8,1804
6,7,9,5,6,9,6,2,5,9,5,7,8,4,2,8,1805
7,9,6,5,2,8,10,4,5,8,10,5,4,12,3,8,1806
8,11,11,8,7,12,5,3,6,10,2,6,10,9,2,9,1807
3,3,4,2,2,9,11,3,2,5,9,8,6,11,0,8,1808
3,4,5,2,3,9,6,3,4,9,4,6,8,6,2,8,1809
4,7,6,5,4,8,8,5,6,7,6,4,7,9,4,6,1810
4,6,6,4,3,6,8,4,1,7,8,8,8,9,0,8,1811
3,8,5,6,4,5,10,2,3,8,9,9,7,11,1,7,1812
2,1,3,1,1,7,8,4,0,7,8,8,7,9,0,8,1813
4,10,5,8,6,7,6,10,1,7,8,8,7,5,0,8,1814
4,9,6,6,4,7,9,3,4,12,5,4,2,9,3,8,1815
5,8,8,6,5,10,5,3,5,9,4,7,8,6,2,9,1816
7,10,7,5,4,5,8,1,3,8,10,8,9,11,2,6,1817
9,10,8,5,3,6,10,4,5,4,5,11,6,11,2,7,1818
8,8,11,7,11,6,8,6,6,6,6,7,10,9,9,9,1819
4,1,5,2,3,7,6,7,4,7,7,10,7,6,2,8,1820
1,1,2,1,1,8,7,6,3,6,6,8,2,8,3,8,1821
3,1,4,2,3,7,6,6,5,6,7,7,8,6,2,7,1822
5,5,8,4,4,6,6,3,4,10,9,10,10,5,3,9,1823
3,5,6,3,4,5,6,3,4,10,9,10,7,6,2,8,1824
5,7,5,5,4,6,10,4,3,8,7,6,6,12,3,6,1825
4,7,6,5,3,8,8,4,1,7,8,8,8,9,0,8,1826
4,4,5,3,3,3,11,3,2,10,10,8,6,11,1,7,1827
6,12,7,6,5,7,3,2,2,8,4,10,8,1,2,8,1828
4,9,6,7,7,7,7,5,5,6,7,8,8,7,3,7,1829
13,13,12,7,5,1,9,5,3,12,13,9,8,9,0,7,1830
3,8,4,6,2,7,7,14,2,5,6,8,5,8,0,8,1831
2,0,2,1,0,7,7,11,0,5,6,8,4,8,0,8,1832
7,11,8,6,5,4,7,2,3,8,10,8,10,10,2,5,1833
5,7,7,5,6,4,7,3,4,10,10,10,6,6,2,6,1834
5,9,6,7,4,8,6,9,6,4,4,4,5,7,3,7,1835
4,10,4,8,5,8,7,12,1,6,6,7,6,8,1,10,1836
3,6,3,4,3,7,7,11,1,6,6,7,5,9,0,8,1837
4,8,7,6,8,11,5,3,2,9,4,8,8,6,3,7,1838
1,0,2,1,1,7,7,11,1,5,6,8,4,8,0,8,1839
5,4,7,7,4,8,8,4,2,7,8,8,9,9,0,8,1840
7,6,9,5,9,7,7,5,4,6,5,8,10,8,5,5,1841
11,12,11,6,5,7,10,5,4,4,5,11,11,13,2,7,1842
5,5,7,8,4,7,8,5,2,7,8,8,9,9,0,8,1843
7,8,10,6,7,12,6,3,5,9,2,5,9,6,2,8,1844
3,3,4,2,3,6,6,6,4,7,7,10,7,5,2,9,1845
5,10,6,8,4,7,7,12,2,7,9,8,8,6,0,8,1846
6,9,7,4,4,10,10,6,3,5,7,9,10,13,2,6,1847
3,4,4,2,2,5,11,2,2,9,8,7,6,11,1,6,1848
5,8,6,6,5,7,6,9,5,5,4,5,5,7,4,10,1849
3,6,4,4,3,7,9,6,4,7,6,7,5,9,1,7,1850
6,10,9,8,14,9,7,5,2,7,6,8,11,11,4,8,1851
8,15,10,8,5,12,5,2,5,12,3,7,5,6,0,8,1852
5,10,5,8,3,7,7,15,2,4,6,8,6,8,0,8,1853
10,14,11,8,5,13,1,5,3,13,1,9,6,3,1,9,1854
7,12,6,6,3,5,9,4,5,4,4,11,5,9,2,7,1855
7,9,10,6,5,4,10,3,4,10,9,9,7,7,2,7,1856
4,7,6,5,4,7,9,6,5,7,6,6,5,9,1,6,1857
8,9,11,8,13,8,7,4,4,7,6,7,11,8,6,4,1858
10,13,12,7,5,3,11,6,3,14,12,9,6,9,0,8,1859
6,8,6,6,4,5,11,3,3,9,8,7,7,11,2,6,1860
3,4,5,3,3,9,11,3,2,5,9,7,6,10,0,8,1861
8,13,8,7,5,4,8,1,3,8,9,8,9,11,2,5,1862
2,3,3,1,1,5,9,3,3,10,8,8,4,8,0,8,1863
4,5,7,4,4,8,7,2,4,9,6,8,7,5,2,7,1864
5,9,7,7,4,8,7,3,5,10,5,6,6,8,1,7,1865
5,11,5,8,3,7,7,15,2,4,6,8,6,8,0,8,1866
3,2,5,4,3,7,10,2,2,7,9,8,7,11,0,8,1867
2,3,4,2,2,6,7,3,4,9,9,9,5,5,1,7,1868
1,0,2,1,1,7,8,3,0,7,8,8,5,10,0,8,1869
6,8,9,7,11,9,6,5,5,8,6,8,11,12,8,6,1870
3,6,5,4,3,6,9,6,4,8,7,8,5,8,1,7,1871
11,15,10,8,6,8,11,5,5,4,5,9,9,9,2,7,1872
7,9,10,7,6,5,6,4,5,11,10,11,11,5,4,8,1873
8,9,8,7,8,7,11,4,3,8,6,6,10,12,4,5,1874
10,13,8,7,4,7,10,4,7,3,4,9,5,7,2,7,1875
6,9,9,7,7,8,7,2,4,9,7,8,8,7,2,8,1876
6,11,8,8,8,5,9,3,4,9,8,9,9,8,7,3,1877
5,7,7,5,5,8,7,2,4,9,7,8,7,6,2,8,1878
8,14,8,8,6,4,8,1,3,8,9,8,10,11,2,6,1879
4,8,6,6,5,4,11,2,2,8,9,9,6,11,1,8,1880
3,3,3,5,2,7,7,13,2,5,6,8,5,8,0,8,1881
4,5,6,5,5,7,8,5,4,7,5,7,6,9,5,3,1882
6,10,8,8,7,9,6,6,5,6,7,6,8,6,2,6,1883
6,10,6,8,6,1,10,2,3,10,10,9,6,10,1,7,1884
3,6,4,4,2,6,6,5,5,6,6,9,2,8,4,8,1885
5,9,8,7,5,6,9,5,5,7,7,7,6,9,1,6,1886
7,9,9,8,9,8,7,5,4,7,5,7,7,9,6,5,1887
4,9,4,6,4,8,7,12,1,6,6,8,5,9,0,8,1888
4,11,5,8,7,7,6,10,1,7,8,8,8,4,0,8,1889
1,0,2,0,1,7,6,9,0,7,8,8,5,6,0,8,1890
4,6,4,4,2,7,7,14,2,5,6,8,6,8,0,8,1891
4,10,7,8,6,7,8,4,1,7,9,8,7,11,0,8,1892
5,10,6,7,4,6,8,6,5,7,7,9,6,8,2,6,1893
3,3,4,2,3,9,6,6,4,6,7,6,7,6,2,6,1894
7,10,9,8,9,8,7,6,5,6,7,8,8,6,2,7,1895
3,4,4,3,3,7,6,6,4,6,7,8,7,5,2,7,1896
4,3,4,2,2,4,10,2,2,9,9,7,5,11,1,6,1897
1,0,2,0,0,7,6,9,0,7,8,8,5,6,0,8,1898
3,7,4,5,3,7,7,12,1,6,6,8,5,8,0,8,1899
4,7,5,5,3,8,7,12,1,7,9,8,8,6,0,8,1900
2,4,3,2,2,7,8,5,4,7,6,6,4,8,1,6,1901
3,4,4,2,3,8,6,6,4,7,7,9,9,5,1,8,1902
4,5,5,4,3,4,10,3,2,9,9,7,6,11,1,6,1903
3,7,5,5,5,5,8,4,3,9,10,10,5,8,4,5,1904
5,10,7,8,4,5,8,5,2,7,8,8,8,9,0,8,1905
6,8,6,6,3,4,12,3,7,12,10,5,1,11,1,5,1906
5,5,6,4,5,8,6,6,5,7,7,8,9,6,3,7,1907
3,4,4,3,3,7,6,6,4,6,7,9,6,5,2,8,1908
5,4,6,6,3,7,7,12,2,7,9,8,9,6,0,8,1909
4,7,5,5,4,6,7,8,5,7,5,7,3,7,3,8,1910
2,3,3,1,2,6,6,6,4,7,7,10,6,5,1,9,1911
5,8,7,6,4,7,8,6,5,7,6,5,7,11,3,5,1912
4,2,4,3,3,7,8,5,5,7,7,6,6,9,3,6,1913
3,5,6,4,4,7,7,2,4,9,7,8,7,5,1,8,1914
6,8,9,6,5,10,6,3,5,9,4,6,8,6,2,8,1915
3,7,5,5,5,8,7,5,4,6,7,8,7,6,2,7,1916
9,12,8,6,4,1,8,4,2,11,12,9,7,10,0,7,1917
3,3,5,2,3,9,6,3,4,9,5,7,6,5,1,8,1918
6,11,6,8,5,6,11,5,6,11,9,4,3,12,2,4,1919
7,10,10,8,5,4,10,4,4,11,11,10,6,8,1,7,1920
8,9,8,4,3,7,10,3,2,7,10,7,9,12,1,6,1921
6,10,9,7,7,10,6,2,5,9,3,6,9,8,2,9,1922
3,9,5,7,4,8,7,3,8,5,6,8,2,8,6,7,1923
5,8,5,6,4,1,10,3,3,11,11,9,5,11,1,7,1924
4,7,6,5,3,7,8,4,1,7,8,8,8,9,0,8,1925
4,8,6,6,5,6,10,2,2,7,9,8,7,10,1,8,1926
5,9,7,7,11,9,7,5,2,7,6,8,10,11,4,8,1927
10,15,11,8,7,7,8,2,4,6,9,6,11,9,3,5,1928
3,4,4,3,3,8,6,6,4,6,7,8,7,5,2,7,1929
6,9,9,7,5,7,9,2,5,10,6,6,6,9,1,8,1930
3,7,3,5,2,7,7,13,2,5,6,8,5,8,0,8,1931
3,8,5,6,4,6,10,2,3,7,9,8,7,11,0,8,1932
4,4,5,2,3,4,11,3,2,10,9,8,6,11,1,6,1933
3,7,3,5,3,8,8,12,1,6,6,8,5,9,0,8,1934
5,9,8,6,7,8,11,2,2,6,8,8,8,14,1,7,1935
4,3,4,1,2,3,11,3,2,10,10,8,6,11,1,7,1936
3,3,5,2,2,6,10,3,4,10,8,7,5,8,0,8,1937
7,10,7,7,6,4,10,2,3,9,9,8,7,11,2,6,1938
3,9,4,6,2,7,7,14,2,5,6,8,5,8,0,8,1939
4,10,5,8,6,7,6,10,0,7,8,8,7,5,0,8,1940
4,7,6,5,3,9,7,3,4,10,5,6,5,8,1,7,1941
2,8,3,5,1,8,13,0,6,6,10,8,0,8,0,8,1942
5,10,8,8,5,5,9,5,5,8,8,9,7,9,2,5,1943
8,9,11,7,7,6,7,3,5,9,9,9,8,6,2,8,1944
4,9,5,6,5,7,6,10,1,7,8,8,8,4,1,7,1945
4,6,6,4,5,7,7,6,3,8,7,7,6,8,4,10,1946
2,2,3,3,2,7,8,5,4,7,6,6,5,8,1,6,1947
12,13,12,7,5,2,10,3,3,10,12,8,9,10,0,7,1948
5,5,7,4,7,9,8,4,4,7,6,7,8,6,6,5,1949
2,1,3,2,2,8,6,6,3,7,7,9,6,5,1,8,1950
5,5,7,4,4,7,6,6,6,6,7,7,9,7,3,6,1951
7,9,7,4,3,5,10,2,2,9,10,8,8,12,0,7,1952
6,7,9,5,6,5,7,3,4,10,10,10,10,6,4,8,1953
10,13,12,7,6,10,2,3,2,10,2,9,8,1,2,8,1954
5,6,7,5,8,7,7,4,4,7,6,8,10,8,5,6,1955
3,1,4,2,2,8,11,2,2,6,9,8,6,11,0,7,1956
3,3,4,2,2,3,10,3,2,10,10,8,5,11,1,6,1957
5,11,6,8,6,8,8,13,1,6,6,8,6,8,1,10,1958
5,10,6,8,6,7,6,6,5,7,7,9,8,5,2,9,1959
3,9,4,6,2,7,7,14,2,5,6,8,5,8,0,8,1960
4,5,5,4,3,7,8,5,5,8,7,7,7,9,3,5,1961
6,9,8,7,8,8,4,7,3,7,6,7,8,7,6,3,1962
4,8,5,6,4,7,7,13,1,6,6,8,5,8,0,8,1963
5,9,6,4,3,5,8,2,3,7,9,8,9,11,2,6,1964
5,9,5,7,6,6,11,7,3,7,3,9,2,7,5,11,1965
6,8,9,6,5,10,8,3,6,10,2,4,5,9,1,7,1966
5,10,7,8,4,11,8,5,2,6,9,8,8,10,0,8,1967
3,7,5,5,5,7,8,3,4,8,7,8,6,9,5,4,1968
4,7,6,5,4,8,8,6,5,7,6,5,5,9,2,6,1969
4,9,6,7,5,9,10,2,2,5,9,7,8,12,1,7,1970
6,7,6,5,4,3,11,2,2,9,9,8,6,11,1,7,1971
4,4,4,6,2,7,7,14,2,4,6,8,6,8,0,8,1972
5,9,6,4,3,7,3,3,2,7,4,10,6,3,2,8,1973
3,2,5,4,3,7,10,2,2,6,9,8,7,11,0,7,1974
4,11,7,8,7,4,10,2,3,8,9,9,8,10,1,8,1975
6,9,5,4,3,10,6,3,5,10,5,7,3,9,6,9,1976
2,1,3,1,1,7,8,4,0,7,8,8,6,10,0,8,1977
8,14,9,8,4,4,9,3,4,13,11,10,6,8,0,8,1978
8,9,8,6,6,2,12,2,2,10,10,8,7,11,1,7,1979
8,10,9,6,4,8,6,3,4,13,4,8,6,8,0,7,1980
4,4,5,3,3,6,11,3,2,7,9,8,7,11,1,8,1981
2,1,3,2,1,8,6,10,1,6,9,8,7,5,0,8,1982
4,5,6,4,3,7,9,2,5,10,6,6,5,9,1,7,1983
7,10,10,8,14,9,7,5,2,7,7,8,13,10,4,6,1984
6,10,7,8,4,7,7,13,2,7,9,8,9,6,0,8,1985
5,4,5,6,2,7,7,15,2,4,6,8,6,8,0,8,1986
6,11,7,9,3,7,7,15,2,4,6,8,6,8,0,8,1987
5,4,5,6,2,7,7,15,2,4,6,8,6,8,0,8,1988
9,10,9,7,9,4,10,2,3,9,8,8,8,11,2,6,1989
2,2,3,3,2,7,8,5,4,7,7,7,4,9,1,6,1990
4,9,5,7,4,7,7,12,1,7,9,8,8,6,0,8,1991
7,9,9,7,9,6,8,3,4,8,7,8,8,8,7,4,1992
7,11,10,8,10,8,7,5,5,6,7,7,11,8,4,6,1993
5,6,7,4,4,4,10,3,3,9,9,8,5,8,1,7,1994
3,2,5,3,4,8,6,6,4,7,7,9,9,5,2,8,1995
3,6,3,4,3,8,6,9,0,6,8,8,6,5,0,8,1996
5,6,8,4,4,5,7,3,5,10,10,10,8,5,2,7,1997
5,9,6,7,3,7,7,15,2,4,6,8,6,8,0,8,1998
3,1,5,3,3,7,11,3,2,6,9,8,7,11,0,8,1999
3,3,4,4,2,7,7,14,2,5,6,8,6,8,0,8,2000
2,1,3,2,2,7,9,6,5,8,7,6,5,9,1,6,2001
3,7,4,5,3,7,7,11,1,7,9,8,8,5,0,8,2002
3,7,5,5,5,9,6,6,4,6,7,6,7,5,2,6,2003
4,4,4,6,2,7,7,14,2,4,6,8,6,8,0,8,2004
2,2,3,3,2,7,8,5,5,7,6,6,5,9,2,5,2005
5,9,7,7,10,9,8,4,4,6,8,6,6,11,8,7,2006
5,11,6,8,4,7,7,12,2,7,9,8,9,6,0,8,2007
5,5,7,4,5,8,6,6,5,7,7,8,8,6,2,8,2008
2,0,2,1,1,8,7,6,3,6,6,9,2,8,3,8,2009
3,7,5,5,7,8,9,5,1,7,7,8,7,9,2,8,2010
4,7,6,5,3,11,7,3,5,10,1,4,5,9,1,7,2011
4,6,6,4,3,7,8,3,5,10,6,7,5,8,1,7,2012
6,9,6,6,6,3,11,2,3,10,10,8,6,11,2,7,2013
6,6,6,4,4,3,11,2,3,10,10,8,7,11,1,7,2014
5,9,6,5,3,14,2,4,3,12,1,9,5,4,0,9,2015
4,8,6,6,7,7,6,5,5,7,7,10,10,5,2,8,2016
5,7,7,6,9,7,6,4,5,7,5,8,9,9,7,8,2017
5,6,7,4,6,5,9,3,4,8,7,9,6,8,4,4,2018
4,5,5,4,5,7,8,4,3,6,5,8,6,8,4,7,2019
4,8,4,6,3,8,7,12,1,6,9,8,8,6,0,8,2020
6,8,6,6,7,7,10,4,3,9,6,6,8,10,4,5,2021
5,9,8,7,5,4,10,3,3,9,9,9,6,7,2,7,2022
3,3,5,2,2,5,6,4,3,10,10,10,6,5,2,7,2023
5,10,6,8,6,7,7,6,6,7,6,8,6,7,3,8,2024
3,4,4,3,3,5,11,2,2,8,9,9,6,11,0,8,2025
5,7,7,6,7,5,8,5,3,6,5,8,9,7,5,7,2026
6,9,7,4,4,5,9,4,5,5,4,10,8,9,2,8,2027
6,7,6,5,6,7,10,4,3,8,6,6,9,11,4,6,2028
5,6,7,4,4,11,7,3,5,10,1,4,5,9,1,7,2029
3,7,4,5,4,9,8,6,5,6,5,4,5,9,2,5,2030
2,1,2,2,1,7,7,12,1,5,6,8,5,8,0,8,2031
6,7,6,5,4,3,10,3,3,10,10,8,7,10,2,7,2032
2,3,3,4,1,0,1,5,6,0,0,6,0,8,0,8,2033
3,8,5,6,3,11,8,5,1,6,9,8,7,10,0,8,2034
4,7,6,5,5,7,9,6,4,8,8,7,6,8,3,8,2035
4,9,6,7,3,8,8,4,1,6,8,8,8,10,0,8,2036
4,8,5,6,5,6,6,7,5,6,5,7,3,7,3,8,2037
4,8,6,6,5,7,6,8,5,6,4,7,3,7,3,8,2038
4,8,4,6,3,8,7,12,1,6,9,8,8,6,0,8,2039
1,0,2,0,0,7,6,9,0,7,8,8,5,6,0,8,2040
3,4,4,3,3,8,6,6,4,6,7,8,7,6,2,7,2041
1,3,2,2,1,7,8,5,4,7,6,6,4,9,1,5,2042
1,0,2,0,0,7,8,3,0,7,8,8,5,9,0,8,2043
6,9,9,8,9,7,9,5,4,7,4,7,7,7,6,5,2044
6,9,9,7,5,9,8,2,5,10,2,4,7,10,2,7,2045
5,11,8,8,8,5,11,2,2,7,8,8,7,12,1,8,2046
5,9,6,4,3,2,11,3,3,12,11,9,4,9,0,8,2047
5,6,8,4,4,7,6,3,5,9,7,8,7,5,2,8,2048
5,10,5,8,4,7,7,12,2,7,9,8,8,6,0,8,2049
3,6,4,4,4,8,6,6,4,7,7,8,7,5,2,7,2050
7,11,11,8,15,9,7,3,3,8,5,7,12,4,5,5,2051
4,7,4,5,3,8,7,12,1,6,9,8,8,6,0,8,2052
1,0,2,1,0,7,7,11,0,5,6,8,4,8,0,8,2053
4,8,5,6,4,7,7,13,1,6,6,8,5,8,0,8,2054
5,7,7,5,4,7,9,2,5,10,5,6,5,9,1,7,2055
6,9,9,6,6,5,7,3,5,10,10,9,8,6,3,8,2056
5,10,7,5,3,8,7,2,4,12,8,8,5,8,0,8,2057
4,8,6,6,5,6,7,7,6,7,5,7,3,7,3,8,2058
4,4,5,6,3,7,7,12,1,7,9,8,8,6,0,8,2059
4,9,5,4,2,7,8,3,3,12,9,9,5,9,0,8,2060
7,9,9,7,6,7,8,4,1,7,9,8,8,10,0,8,2061
3,5,3,4,2,7,9,5,4,7,6,7,5,8,2,7,2062
3,4,5,3,3,5,6,3,4,9,9,10,7,5,2,8,2063
3,6,4,4,2,8,6,11,1,6,9,8,7,6,0,8,2064
4,1,5,3,3,8,6,6,5,6,7,8,8,5,2,7,2065
5,7,5,5,2,3,10,2,7,11,11,6,1,11,2,5,2066
7,10,9,8,8,8,6,6,5,6,8,8,9,6,2,7,2067
8,8,11,7,12,8,8,4,4,7,6,7,12,7,8,3,2068
3,4,6,3,2,8,9,3,5,10,4,5,5,9,1,7,2069
4,8,6,6,6,7,7,2,4,9,7,8,7,6,2,8,2070
5,8,7,6,6,8,6,6,5,7,7,8,8,5,2,8,2071
4,7,6,5,6,9,6,4,5,7,5,6,7,11,6,5,2072
6,7,9,6,9,6,8,5,3,6,5,8,12,8,5,8,2073
6,11,9,8,5,3,10,3,4,10,11,10,5,7,1,7,2074
9,13,9,7,5,5,9,2,2,7,10,8,10,12,1,6,2075
13,14,13,8,6,5,9,5,7,4,3,11,9,9,2,8,2076
7,11,11,8,8,4,7,4,5,10,11,11,9,7,4,8,2077
4,8,6,6,6,8,10,2,3,6,8,8,7,11,1,8,2078
7,10,9,8,8,9,6,2,5,9,5,7,9,8,2,8,2079
5,8,5,6,4,7,10,4,2,8,6,6,6,11,2,6,2080
4,8,4,6,2,7,7,14,2,4,6,8,6,8,0,8,2081
3,4,5,3,3,9,11,3,2,5,9,8,6,11,1,8,2082
6,10,9,7,8,3,7,4,5,10,11,10,7,9,3,7,2083
5,11,8,8,8,7,11,2,2,6,8,8,7,12,1,8,2084
3,7,4,5,4,7,6,5,4,7,7,11,6,5,1,10,2085
5,9,6,7,4,8,7,13,2,6,9,8,8,6,0,8,2086
5,10,7,7,5,7,8,6,6,6,6,6,6,8,1,6,2087
5,8,8,6,7,7,6,5,5,7,7,11,14,6,2,10,2088
3,2,4,3,2,7,8,5,4,7,7,6,5,9,2,5,2089
3,2,5,3,3,8,11,3,2,6,9,8,7,11,1,7,2090
6,9,8,7,4,11,8,5,2,6,9,8,8,9,0,8,2091
2,3,3,1,2,5,10,4,2,9,8,7,5,11,1,6,2092
7,8,9,6,6,10,5,3,5,9,3,6,10,6,2,9,2093
5,10,7,5,4,12,3,5,2,11,1,10,7,2,1,8,2094
6,7,8,6,8,8,8,5,5,8,5,6,6,9,7,3,2095
4,5,5,3,4,8,6,6,4,6,7,7,8,6,3,6,2096
5,7,5,5,4,3,11,2,2,10,8,7,5,11,2,6,2097
4,9,6,6,2,9,5,3,1,8,1,8,2,7,2,8,2098
5,9,8,6,10,7,7,3,2,7,4,8,15,6,3,7,2099
7,8,9,7,10,5,8,5,4,6,5,8,13,7,6,9,2100
6,11,6,6,3,7,9,3,4,8,9,6,5,9,3,6,2101
4,11,5,8,3,7,7,15,2,4,6,8,6,8,0,8,2102
4,9,6,7,4,7,8,6,5,7,7,7,6,9,2,6,2103
5,10,8,7,11,9,6,2,2,8,4,8,10,5,3,6,2104
5,8,5,6,5,8,5,11,0,7,8,8,7,5,0,8,2105
3,8,5,6,9,7,7,6,1,7,6,8,8,12,2,11,2106
3,7,5,5,6,7,8,6,4,6,6,8,5,8,7,9,2107
5,7,7,6,8,6,8,5,3,6,5,8,10,8,5,7,2108
1,1,2,2,1,7,7,11,1,5,6,8,4,8,0,8,2109
6,8,8,6,6,11,6,2,4,9,3,6,8,6,2,8,2110
4,4,5,3,3,7,11,3,2,6,9,8,7,11,0,8,2111
2,3,2,1,1,7,8,6,4,7,6,7,4,8,1,7,2112
3,4,5,3,3,7,6,3,4,9,7,8,7,5,1,8,2113
5,4,6,3,3,5,11,3,2,9,8,7,7,12,1,6,2114
4,1,5,3,3,9,6,6,4,6,7,6,8,6,2,5,2115
2,1,3,2,2,7,6,6,4,6,7,8,6,5,1,8,2116
4,5,4,3,3,3,10,2,2,10,10,8,5,11,1,7,2117
6,9,6,7,5,2,10,2,3,10,11,9,6,10,1,7,2118
2,4,3,3,2,7,8,5,4,7,6,6,5,9,2,6,2119
6,5,8,5,8,9,8,5,5,7,5,8,9,9,8,6,2120
7,10,7,5,3,3,9,2,1,9,10,8,8,12,1,6,2121
5,4,6,6,2,6,7,7,11,8,6,13,1,9,4,8,2122
5,6,8,5,8,9,8,5,4,7,6,7,11,9,7,5,2123
3,6,3,4,3,8,8,12,1,6,6,8,5,8,0,8,2124
7,11,9,8,7,7,9,6,6,7,6,6,6,9,2,6,2125
6,8,8,7,9,7,9,4,3,7,5,8,12,8,5,7,2126
6,6,6,4,4,2,11,2,2,10,10,8,5,11,1,7,2127
5,9,7,6,7,9,7,5,5,6,7,5,8,7,3,5,2128
3,9,3,6,2,3,6,6,10,7,7,14,0,8,7,8,2129
8,8,11,7,12,7,7,5,5,6,5,8,10,9,9,8,2130
3,6,5,4,5,6,7,3,2,8,6,6,2,7,10,1,2131
3,8,4,6,4,7,7,12,1,6,6,8,5,8,0,8,2132
3,4,4,6,2,7,7,14,2,5,6,8,6,8,0,8,2133
5,9,5,6,3,7,7,12,2,8,9,8,8,6,0,8,2134
4,10,6,8,7,8,7,6,2,7,8,8,9,7,4,9,2135
4,5,5,8,4,8,7,12,2,6,9,8,8,6,0,8,2136
3,4,5,3,3,10,6,3,4,9,4,7,6,5,1,8,2137
11,15,11,8,6,9,11,6,4,4,6,9,10,12,2,7,2138
2,1,3,1,2,7,6,6,4,6,7,7,7,6,2,7,2139
4,8,7,6,4,7,10,2,3,7,9,8,8,11,1,8,2140
5,5,7,5,6,8,6,5,5,8,5,7,7,9,5,4,2141
3,6,5,4,3,8,9,3,4,10,5,6,5,8,1,7,2142
1,0,2,0,0,7,8,3,0,7,8,8,5,9,0,8,2143
1,0,1,0,0,5,8,5,7,7,6,12,0,8,6,10,2144
7,10,7,8,6,4,10,3,2,9,8,7,7,12,2,5,2145
4,7,6,5,4,7,9,6,6,7,6,6,6,8,1,6,2146
2,3,4,2,2,7,8,2,4,10,6,7,5,8,0,7,2147
6,9,8,7,5,6,10,2,4,9,8,8,5,8,1,8,2148
4,4,6,3,3,9,11,3,2,5,9,7,7,11,1,8,2149
2,3,3,1,2,10,11,3,2,5,9,7,5,10,0,8,2150
4,5,6,4,6,8,7,4,4,6,5,8,9,8,6,9,2151
1,0,2,1,1,7,8,4,0,7,8,8,5,10,0,8,2152
10,15,12,9,6,10,2,3,2,10,3,9,8,1,1,8,2153
4,5,7,3,4,8,6,3,4,9,6,8,8,6,2,8,2154
2,3,4,2,2,6,6,3,3,9,8,9,5,5,1,8,2155
2,2,3,3,2,7,8,5,4,7,7,6,5,9,2,5,2156
2,5,3,3,1,10,6,2,6,12,4,9,1,6,1,7,2157
4,8,5,6,4,5,8,4,1,7,9,8,6,11,0,8,2158
1,3,3,2,1,5,9,3,3,10,8,8,4,8,0,7,2159
5,4,7,6,3,6,8,5,1,7,8,8,9,9,0,8,2160
2,3,4,1,1,5,9,3,4,11,8,8,5,8,0,7,2161
3,3,4,4,2,7,7,14,2,5,6,8,6,8,0,8,2162
5,5,6,4,4,8,6,6,5,6,7,7,10,6,4,6,2163
5,8,6,6,3,8,7,12,2,6,9,8,9,6,0,8,2164
3,6,5,4,5,10,5,2,2,8,4,8,5,7,2,6,2165
5,10,5,8,4,7,7,12,2,7,9,8,8,6,0,8,2166
5,11,8,8,4,6,8,5,2,7,8,8,9,9,0,8,2167
4,9,5,6,5,8,6,11,1,7,8,8,7,5,0,8,2168
5,9,7,4,4,6,4,3,2,8,4,10,7,3,1,8,2169
4,6,5,4,3,8,7,12,1,6,9,8,8,6,0,8,2170
6,10,8,7,9,7,6,7,5,6,5,8,9,8,9,11,2171
9,9,13,8,14,6,6,5,4,6,5,8,15,11,7,9,2172
5,10,8,8,13,9,7,5,2,7,7,8,10,10,3,5,2173
3,6,4,4,3,7,7,12,1,7,6,8,5,9,0,8,2174
7,9,8,4,4,4,8,2,3,8,10,8,9,11,2,5,2175
3,6,5,4,3,5,9,6,4,8,7,9,5,9,1,7,2176
8,9,8,6,6,2,10,2,3,10,10,9,7,10,2,7,2177
3,6,4,4,2,6,6,4,4,14,8,12,1,6,1,6,2178
3,7,5,5,3,5,10,6,4,7,7,9,5,9,1,8,2179
6,5,9,8,4,8,7,5,2,7,8,8,9,9,0,8,2180
4,4,6,6,3,4,8,5,1,7,8,8,8,9,0,8,2181
4,8,5,6,3,6,8,4,1,7,8,8,8,9,0,8,2182
3,3,4,4,2,7,8,4,1,7,8,8,8,10,0,8,2183
6,9,8,8,11,7,7,4,4,6,6,8,11,8,5,5,2184
6,10,6,8,3,7,7,15,2,4,6,8,6,8,0,8,2185
2,4,4,3,2,6,8,2,4,10,7,8,4,8,0,8,2186
4,4,6,6,3,4,8,5,1,7,8,8,8,9,0,8,2187
2,2,3,3,2,7,8,5,4,7,6,6,5,9,2,5,2188
6,6,6,4,4,5,11,3,2,9,7,7,7,12,2,6,2189
5,8,7,6,3,10,7,3,5,10,2,5,5,8,1,7,2190
4,7,6,5,5,11,6,3,4,9,3,6,7,6,2,8,2191
4,6,7,4,4,7,9,4,0,7,9,8,7,12,0,8,2192
5,7,5,5,4,4,11,2,2,9,8,7,6,11,2,6,2193
3,3,4,5,2,7,7,14,2,5,6,8,5,8,0,8,2194
6,10,5,6,3,7,9,4,5,4,5,10,5,10,2,7,2195
5,5,6,4,4,7,6,6,5,6,7,9,9,6,2,8,2196
7,10,5,5,2,6,8,6,8,11,7,11,2,8,5,9,2197
8,9,11,8,12,7,8,5,6,7,6,8,10,7,9,6,2198
10,11,10,8,7,1,11,3,3,11,11,9,8,10,1,7,2199
7,9,10,7,6,4,6,4,5,11,11,11,9,3,4,6,2200
7,8,7,6,6,5,11,3,3,9,7,7,8,11,3,5,2201
6,7,9,6,10,7,6,4,4,7,6,8,12,9,5,5,2202
5,7,5,5,4,3,11,2,2,10,9,7,5,11,1,7,2203
4,5,5,3,3,3,10,2,2,10,10,8,6,11,1,7,2204
4,2,6,3,3,9,11,3,2,5,9,8,8,11,2,8,2205
5,9,6,5,3,11,3,2,2,10,3,9,7,2,1,9,2206
4,4,6,3,3,7,6,3,4,9,7,8,7,5,2,8,2207
5,11,8,8,13,8,5,6,3,7,6,8,14,10,4,9,2208
4,8,6,6,8,9,6,2,2,8,4,8,7,7,2,5,2209
5,5,6,4,4,8,6,6,5,7,7,8,8,6,2,7,2210
6,10,7,5,4,13,2,5,2,12,1,9,6,3,1,8,2211
4,8,6,6,3,4,8,5,1,7,9,8,8,10,0,8,2212
6,6,6,4,4,7,11,5,2,8,6,6,7,12,2,6,2213
4,10,6,8,4,8,8,6,5,6,6,6,6,9,2,5,2214
1,0,2,1,1,7,8,4,0,7,8,8,5,10,0,8,2215
5,9,5,7,3,7,7,15,2,4,6,8,6,8,0,8,2216
6,11,9,8,12,9,7,3,3,8,4,7,12,5,4,5,2217
6,9,6,7,5,6,11,3,7,11,9,5,2,12,2,4,2218
3,11,5,8,4,12,3,3,3,10,2,9,2,7,3,9,2219
4,7,6,5,3,5,9,3,4,10,8,8,5,9,1,7,2220
3,4,5,3,2,6,9,3,4,11,8,8,5,7,1,8,2221
5,10,5,8,3,7,7,15,2,4,6,8,6,8,0,8,2222
1,0,1,0,0,7,7,10,0,5,6,8,4,8,0,8,2223
4,7,6,5,3,6,8,5,1,7,8,8,8,9,0,8,2224
4,6,6,4,5,7,7,6,2,8,8,8,6,7,4,8,2225
6,10,9,8,5,8,8,3,5,10,5,6,6,8,2,7,2226
5,10,7,8,7,10,11,2,2,5,8,8,8,13,2,7,2227
3,7,5,5,7,9,5,5,2,7,6,8,5,10,2,5,2228
7,8,9,7,10,6,9,6,7,7,7,8,8,9,8,10,2229
5,4,6,3,3,5,11,3,2,9,8,7,7,12,2,6,2230
4,8,5,6,5,8,5,11,1,6,9,8,8,5,1,6,2231
5,5,8,8,4,5,8,5,2,7,8,8,9,9,0,8,2232
3,4,4,3,3,8,6,6,3,7,7,8,7,5,2,7,2233
4,10,5,8,6,7,5,11,1,7,9,8,8,6,1,9,2234
4,6,4,4,4,3,10,2,2,10,9,7,5,11,2,6,2235
7,10,10,8,10,6,8,3,4,8,8,9,8,10,7,4,2236
5,8,8,6,7,9,7,2,4,9,5,7,7,7,2,8,2237
3,6,4,4,4,7,5,10,0,6,8,8,6,5,0,7,2238
3,5,6,4,4,9,6,2,4,9,4,6,8,5,2,8,2239
4,4,6,6,3,11,8,5,1,6,8,8,8,9,0,8,2240
9,11,12,8,8,4,6,4,5,10,11,11,11,6,4,8,2241
1,0,2,0,1,8,8,4,0,7,8,8,5,10,0,8,2242
4,7,4,5,2,7,7,14,2,4,6,8,6,8,0,8,2243
8,9,8,6,7,3,10,2,3,10,9,8,7,11,2,6,2244
2,3,4,2,2,7,10,2,2,7,9,8,6,11,0,8,2245
7,11,10,8,7,7,11,2,3,6,9,8,12,11,2,7,2246
4,5,4,4,2,6,11,2,7,11,9,4,1,11,2,4,2247
4,11,6,8,6,10,6,2,6,10,3,7,3,7,3,9,2248
5,11,6,8,6,8,8,13,1,6,6,8,6,8,1,10,2249
4,5,5,3,4,8,6,6,4,7,7,8,8,5,2,7,2250
3,7,4,5,2,7,7,14,2,5,6,8,5,8,0,8,2251
4,6,4,4,2,8,7,12,1,6,9,8,8,6,0,8,2252
5,7,7,5,3,6,8,5,1,7,8,8,8,9,0,8,2253
5,9,7,6,4,6,9,6,5,8,7,8,5,8,1,7,2254
2,3,3,2,2,8,7,5,4,6,7,8,5,6,1,7,2255
6,11,8,6,5,10,3,4,2,10,2,9,9,1,1,8,2256
8,9,8,6,5,1,10,2,3,10,11,9,7,10,1,7,2257
4,3,6,4,2,4,8,5,1,7,9,8,8,10,0,8,2258
3,8,4,6,3,7,6,11,1,7,9,8,8,6,0,8,2259
6,10,8,7,5,11,8,3,6,10,0,3,5,9,1,7,2260
6,6,9,6,9,9,8,5,4,7,6,7,11,9,6,3,2261
4,5,5,8,4,7,7,12,2,7,9,8,8,6,0,8,2262
8,10,11,8,8,9,6,2,5,9,6,7,8,6,2,8,2263
5,10,8,8,5,3,10,3,3,9,10,9,8,11,1,8,2264
3,3,5,2,2,7,9,3,4,10,6,6,5,8,1,7,2265
6,8,8,7,9,8,6,5,5,7,6,7,8,11,7,3,2266
5,9,8,7,5,7,9,2,4,9,5,6,5,9,1,7,2267
4,2,6,3,3,7,11,3,2,7,9,8,8,10,1,8,2268
5,7,6,6,7,7,8,5,3,7,5,7,8,7,5,7,2269
3,4,5,3,2,9,8,3,5,10,3,5,4,9,1,7,2270
4,4,6,3,3,10,6,3,4,9,4,7,7,6,2,8,2271
3,5,5,3,2,6,8,2,4,11,7,7,5,8,0,7,2272
1,1,2,1,1,7,7,11,1,5,6,8,4,8,0,8,2273
3,7,5,5,3,4,8,6,6,7,9,10,3,9,1,8,2274
7,11,7,8,7,2,10,2,3,10,10,8,7,11,1,7,2275
1,1,2,2,1,7,8,5,3,8,7,7,4,8,1,7,2276
3,1,4,3,3,8,6,6,4,7,7,8,7,6,2,7,2277
7,8,7,6,4,2,10,3,4,11,11,9,7,10,1,7,2278
11,15,13,9,7,13,2,6,2,12,1,9,8,1,1,8,2279
3,3,5,2,3,7,6,3,4,9,8,9,6,5,2,9,2280
4,3,6,5,3,5,8,5,1,7,8,8,8,9,0,8,2281
8,9,12,8,13,7,7,5,5,6,5,8,10,9,9,8,2282
5,12,3,7,2,10,5,5,4,13,3,9,2,8,4,10,2283
5,7,7,5,3,5,9,3,5,10,9,9,6,7,1,7,2284
3,7,3,5,3,8,7,11,1,6,9,8,7,6,0,8,2285
2,1,4,1,2,8,11,3,1,6,9,8,6,11,0,7,2286
4,2,6,4,4,9,11,2,2,5,9,7,9,11,2,7,2287
2,1,2,2,1,7,7,11,1,5,6,8,4,8,0,8,2288
4,7,6,5,3,5,8,5,1,7,8,8,8,9,0,8,2289
9,10,9,5,4,3,10,3,2,10,11,8,9,12,1,6,2290
3,1,4,2,1,7,7,11,1,7,9,8,7,6,0,8,2291
3,7,3,5,2,7,7,13,2,5,6,8,5,8,0,8,2292
8,11,8,9,8,4,11,2,2,9,8,7,7,12,2,6,2293
3,8,4,6,4,7,7,12,1,6,6,8,5,8,0,8,2294
6,7,8,6,8,8,8,4,4,7,6,7,10,8,5,5,2295
7,12,7,6,5,4,8,1,3,8,9,8,9,10,2,5,2296
5,11,7,8,4,7,7,5,2,7,8,8,9,9,0,8,2297
4,4,5,7,3,7,7,15,2,4,6,8,6,8,0,8,2298
4,7,6,5,3,9,8,5,1,7,8,8,8,9,0,8,2299
10,10,9,5,4,5,9,3,2,7,10,8,10,11,1,6,2300
8,10,9,8,6,1,10,3,3,11,11,9,7,10,1,7,2301
2,4,3,3,2,7,8,5,4,7,7,7,4,8,1,6,2302
2,1,3,1,2,8,6,6,4,7,7,8,6,5,1,7,2303
2,1,2,1,1,7,7,11,1,5,6,8,4,8,0,8,2304
10,13,10,8,5,10,11,7,4,4,6,9,8,12,3,7,2305
2,1,2,1,1,8,6,10,0,6,9,8,6,6,0,8,2306
6,5,7,8,4,8,7,13,2,7,9,8,9,6,0,8,2307
2,3,4,2,1,5,9,3,3,10,8,8,5,8,0,7,2308
6,11,10,8,7,4,11,2,3,8,9,9,8,11,1,8,2309
8,11,8,8,9,4,10,2,3,9,8,7,9,13,3,5,2310
3,8,5,6,5,6,11,2,2,7,8,8,6,11,1,8,2311
2,0,2,1,1,7,6,10,0,7,8,8,6,6,0,8,2312
6,11,8,8,5,7,9,2,5,9,6,7,5,9,1,8,2313
2,0,2,1,1,8,8,4,0,7,8,8,6,9,0,8,2314
3,4,6,3,3,5,6,4,4,10,10,11,8,7,3,8,2315
4,7,7,5,7,9,5,2,1,8,4,8,10,5,2,6,2316
5,11,9,8,12,7,5,3,2,7,5,8,14,6,4,7,2317
4,9,6,7,3,5,8,5,1,7,8,8,8,9,0,8,2318
6,10,7,5,4,9,3,2,2,9,4,9,8,2,2,9,2319
6,9,9,7,5,7,9,2,5,9,6,7,6,8,1,7,2320
5,2,6,4,4,9,6,7,4,6,7,5,10,5,3,5,2321
4,5,7,4,4,6,6,3,4,9,9,10,7,5,2,8,2322
5,7,5,5,5,4,10,2,3,9,8,8,6,11,2,6,2323
8,12,10,7,5,9,4,3,2,10,2,9,10,1,1,8,2324
4,9,6,7,7,9,7,4,4,7,6,6,5,10,6,5,2325
2,1,2,1,1,7,7,10,0,7,8,8,6,6,0,8,2326
3,1,4,2,1,7,7,11,1,7,9,8,7,6,0,8,2327
4,4,7,3,4,6,6,3,4,10,9,10,7,6,2,8,2328
4,8,6,6,6,7,9,3,4,7,6,7,6,8,6,4,2329
7,10,9,7,6,4,8,5,1,7,9,8,8,10,0,8,2330
5,7,7,5,4,6,6,3,5,10,9,9,7,5,2,8,2331
1,3,3,1,1,9,8,3,4,10,3,5,4,8,1,8,2332
2,1,4,2,2,9,11,3,2,5,9,8,5,11,0,8,2333
5,10,7,9,8,5,6,4,4,7,6,11,5,11,8,10,2334
3,4,4,6,2,7,7,14,2,5,6,8,6,8,0,8,2335
7,10,7,8,8,5,10,3,3,9,7,7,8,11,3,6,2336
4,9,6,7,6,7,5,6,2,7,7,8,6,8,4,8,2337
4,2,5,3,4,8,6,6,4,7,7,9,9,5,2,8,2338
5,4,5,6,2,7,7,15,2,4,6,8,6,8,0,8,2339
6,9,8,7,7,8,4,6,2,7,6,7,7,7,6,5,2340
5,9,7,7,8,9,7,4,4,7,6,6,7,12,7,6,2341
4,7,6,5,4,10,8,4,1,7,9,8,7,10,0,8,2342
5,10,7,6,4,13,2,5,2,12,1,9,6,3,1,8,2343
10,13,9,7,4,7,10,5,5,3,5,11,6,11,3,6,2344
3,6,5,4,5,8,7,4,4,7,5,7,5,10,6,4,2345
6,9,8,7,8,8,6,6,2,6,7,8,6,8,5,6,2346
7,9,9,5,4,12,2,5,2,11,1,9,7,2,1,8,2347
8,11,8,6,5,9,8,4,5,6,9,6,11,8,3,6,2348
7,10,9,8,10,6,8,3,4,8,7,8,8,10,7,4,2349
5,7,7,5,6,7,7,3,4,9,8,9,7,5,2,8,2350
8,9,8,5,3,3,11,2,3,11,11,8,7,11,0,7,2351
8,12,10,7,4,12,4,3,3,13,1,7,5,7,0,8,2352
7,10,10,7,7,9,6,2,5,9,5,7,8,6,2,8,2353
8,15,10,8,5,6,8,2,4,13,8,9,6,8,0,7,2354
7,7,7,5,4,3,11,3,3,10,10,8,7,10,2,6,2355
4,7,5,5,5,8,6,6,4,7,7,8,8,5,2,7,2356
4,9,7,7,5,9,10,2,3,6,9,8,7,11,1,8,2357
6,10,10,8,8,7,11,2,2,6,8,8,8,12,1,8,2358
5,5,7,8,4,9,8,4,2,7,8,8,9,9,0,8,2359
5,11,8,8,4,4,8,5,2,7,9,8,8,10,0,8,2360
4,10,4,7,3,1,12,4,4,11,10,8,0,8,2,6,2361
4,5,5,4,4,7,7,6,6,7,6,8,3,8,3,8,2362
2,1,2,1,1,7,6,10,0,7,8,8,6,6,0,8,2363
4,8,4,6,2,7,7,14,2,4,6,8,6,8,0,8,2364
3,7,5,5,3,7,8,6,4,7,6,7,5,9,1,6,2365
4,8,6,6,7,7,8,5,3,7,9,8,6,8,3,8,2366
13,15,13,8,7,3,8,6,6,4,2,13,9,11,2,8,2367
2,5,3,7,5,8,6,5,1,7,6,7,6,8,5,9,2368
6,9,4,4,2,8,7,5,5,8,4,7,4,9,5,8,2369
6,10,8,7,5,8,9,2,5,9,4,6,5,9,1,7,2370
5,10,7,8,4,6,8,4,2,7,8,8,9,9,0,8,2371
3,1,5,2,2,8,11,3,2,6,9,8,6,11,1,7,2372
4,4,5,3,3,4,10,2,2,9,9,7,6,11,1,7,2373
4,5,5,4,3,7,7,8,5,7,6,8,2,8,3,8,2374
5,7,7,5,4,4,10,3,4,10,10,9,5,8,1,8,2375
6,10,8,8,9,7,7,6,2,7,8,8,6,8,4,8,2376
4,2,5,3,4,8,6,6,4,7,7,8,7,5,2,8,2377
6,7,6,5,5,3,11,2,2,9,9,8,6,11,2,7,2378
9,13,11,7,6,13,2,6,2,12,1,9,7,2,1,8,2379
2,0,2,0,1,7,6,10,0,7,9,8,6,6,0,8,2380
2,1,3,2,2,5,10,3,2,8,9,9,5,11,0,8,2381
6,8,8,6,7,8,6,6,2,7,7,8,6,8,4,7,2382
1,0,2,0,1,7,6,9,0,7,8,8,5,6,0,8,2383
2,3,4,2,2,6,8,3,3,10,7,8,4,8,0,7,2384
6,11,8,8,7,7,7,8,5,7,6,7,6,7,3,9,2385
4,7,6,5,5,6,7,3,3,8,8,8,6,9,5,4,2386
3,5,6,4,3,7,9,2,5,10,6,6,5,9,1,7,2387
4,4,4,6,2,7,7,14,2,4,6,8,6,8,0,8,2388
4,5,8,4,4,9,6,3,5,9,5,7,8,7,2,8,2389
4,6,7,4,4,9,11,2,3,5,9,8,7,11,1,8,2390
6,9,9,6,5,7,9,2,5,10,6,6,6,9,1,7,2391
3,5,6,4,4,5,6,3,4,10,10,10,6,5,2,7,2392
9,12,12,7,5,10,2,3,2,10,2,9,8,1,1,8,2393
3,4,5,3,3,7,11,2,2,6,9,8,6,11,0,8,2394
6,9,8,7,9,8,7,4,4,7,6,6,7,10,7,5,2395
6,10,8,8,8,6,6,6,5,7,8,11,8,6,2,9,2396
5,9,6,6,6,8,5,11,0,6,9,8,7,5,0,7,2397
5,5,7,7,4,8,8,5,2,7,8,8,9,9,0,8,2398
3,7,3,5,1,0,1,6,6,0,0,6,0,8,0,8,2399
6,9,8,4,3,8,7,3,4,13,5,8,6,8,0,8,2400
2,4,4,3,2,7,8,3,4,10,6,7,5,8,1,7,2401
4,9,7,7,5,9,8,4,1,6,9,8,7,11,0,8,2402
4,7,7,5,9,8,7,3,3,8,4,7,10,5,2,6,2403
4,11,5,8,4,7,7,12,2,7,9,8,8,6,0,8,2404
3,2,5,3,3,5,11,3,2,8,9,9,8,13,1,8,2405
3,7,4,5,5,8,7,6,3,7,5,8,5,9,5,8,2406
8,10,12,7,9,10,6,2,5,9,4,6,13,8,3,9,2407
7,8,10,7,11,8,8,5,4,7,6,7,11,10,6,3,2408
3,5,4,4,3,7,8,5,5,7,7,6,5,9,2,6,2409
3,7,5,5,4,5,10,2,2,8,9,9,7,11,1,8,2410
3,9,5,6,3,4,8,5,1,7,8,8,8,10,0,8,2411
6,9,6,5,3,2,10,2,3,10,11,9,6,11,1,6,2412
6,5,7,4,4,4,11,2,2,9,9,8,7,11,1,7,2413
11,14,12,8,7,8,9,3,4,6,9,6,11,8,2,6,2414
4,2,5,3,4,6,6,6,5,7,7,10,8,6,2,8,2415
5,9,7,7,5,7,8,4,1,7,9,8,8,10,0,8,2416
3,7,5,5,5,7,11,2,2,6,8,8,6,11,1,8,2417
4,9,5,6,2,7,7,15,2,4,6,8,6,8,0,8,2418
7,9,10,7,8,6,7,3,5,9,8,9,10,7,3,8,2419
3,7,4,5,2,7,7,14,2,5,6,8,5,8,0,8,2420
11,14,9,8,4,8,11,5,5,3,6,10,6,10,3,7,2421
10,15,10,8,5,4,9,2,2,8,10,8,9,12,1,6,2422
3,1,4,2,1,8,7,11,1,7,9,8,7,6,0,8,2423
2,0,2,1,1,7,8,3,0,7,8,8,6,9,0,8,2424
4,7,6,5,3,11,6,4,5,10,1,5,5,9,1,7,2425
5,8,8,6,3,9,8,5,2,7,8,8,9,9,0,8,2426
4,9,5,7,3,7,7,14,2,4,6,8,6,8,0,8,2427
6,7,8,8,7,8,8,5,7,7,5,8,4,10,10,8,2428
4,10,6,8,5,8,8,6,5,7,6,6,6,9,2,6,2429
11,13,11,7,6,11,11,7,3,4,7,9,10,13,3,6,2430
5,5,6,7,4,7,7,12,2,7,9,8,9,6,0,8,2431
6,8,9,7,10,8,7,4,5,7,6,7,12,8,6,4,2432
4,3,4,4,3,7,7,12,1,7,9,8,8,6,0,8,2433
6,9,8,7,5,7,9,6,5,7,6,6,7,8,3,8,2434
6,6,8,4,5,10,6,2,5,9,4,7,8,6,2,8,2435
4,4,5,6,3,7,8,4,1,7,8,8,8,10,0,8,2436
8,9,11,7,8,10,6,2,5,9,4,7,8,7,2,8,2437
4,9,6,7,6,7,8,6,2,6,5,11,4,8,7,8,2438
3,7,5,5,5,10,6,6,4,6,7,5,7,5,1,5,2439
7,9,7,4,3,6,10,2,2,8,10,7,8,12,1,7,2440
5,11,8,8,4,8,8,5,2,7,8,8,9,9,0,8,2441
2,1,2,2,1,7,9,5,4,7,6,7,4,8,1,6,2442
8,11,8,8,6,4,10,2,3,10,9,8,8,11,2,6,2443
5,11,6,8,8,6,8,4,5,6,6,9,6,7,6,7,2444
3,7,4,5,4,8,5,11,1,6,8,8,6,5,0,7,2445
1,0,2,0,1,7,6,9,0,7,8,8,6,6,0,8,2446
2,3,3,1,2,8,7,6,3,6,7,8,6,5,1,7,2447
5,7,8,5,3,7,8,3,5,10,6,7,6,8,1,7,2448
6,10,9,8,8,6,12,2,2,7,8,8,7,12,1,8,2449
3,4,5,3,3,8,6,2,4,8,5,7,8,7,2,8,2450
3,7,5,5,3,6,8,4,1,7,8,8,8,9,0,8,2451
3,6,4,4,2,7,7,14,2,5,6,8,6,8,0,8,2452
4,9,4,6,2,7,7,14,2,5,6,8,6,8,0,8,2453
5,8,7,6,5,7,6,10,5,6,4,5,4,7,4,9,2454
3,3,4,2,2,4,11,3,2,9,9,7,6,11,1,7,2455
2,1,3,3,2,7,8,5,4,7,6,7,4,8,1,7,2456
5,11,6,8,3,7,7,15,2,4,6,8,6,8,0,8,2457
2,4,4,3,2,7,9,2,4,10,6,6,5,9,0,7,2458
7,8,9,7,10,7,9,4,4,7,6,7,10,7,6,5,2459
1,0,1,0,0,2,2,5,4,1,2,6,0,8,0,8,2460
5,5,6,3,4,4,11,3,2,9,9,7,7,11,1,7,2461
3,7,4,5,4,8,6,5,4,7,7,8,7,5,2,7,2462
7,7,7,5,5,6,10,4,3,8,7,7,9,13,3,4,2463
10,10,9,8,9,5,11,4,3,8,7,7,10,12,4,5,2464
3,5,4,4,4,8,6,6,4,7,7,8,7,5,2,7,2465
5,6,5,4,4,3,10,2,3,10,9,8,6,11,2,6,2466
